run	step	loss	ma25
L+S inner=4	1	10.87112808	10.87112808
L+S inner=4	2	10.86401653	10.86757231
L+S inner=4	3	10.82344246	10.85286236
L+S inner=4	4	10.75886822	10.82936382
L+S inner=4	5	10.65279198	10.79404945
L+S inner=4	6	10.54973602	10.75333055
L+S inner=4	7	10.47673702	10.71381719
L+S inner=4	8	10.39233112	10.67363143
L+S inner=4	9	10.32024002	10.63436572
L+S inner=4	10	10.29420471	10.60034962
L+S inner=4	11	10.22069931	10.56583595
L+S inner=4	12	10.17632866	10.53337701
L+S inner=4	13	10.11091232	10.50087973
L+S inner=4	14	10.05784798	10.46923460
L+S inner=4	15	10.01102829	10.43868752
L+S inner=4	16	9.92283630	10.40644681
L+S inner=4	17	9.84613419	10.37348725
L+S inner=4	18	9.79381275	10.34128311
L+S inner=4	19	9.71974945	10.30857081
L+S inner=4	20	9.66604328	10.27644444
L+S inner=4	21	9.64039516	10.24615637
L+S inner=4	22	9.52405930	10.21333378
L+S inner=4	23	9.41058445	10.17843164
L+S inner=4	24	9.28883362	10.14136505
L+S inner=4	25	9.26710415	10.10639462
L+S inner=4	26	9.19699574	10.03942932
L+S inner=4	27	9.12959099	9.97005230
L+S inner=4	28	9.01244926	9.89761257
L+S inner=4	29	8.97386074	9.82621227
L+S inner=4	30	8.86703682	9.75478207
L+S inner=4	31	8.82229233	9.68568432
L+S inner=4	32	8.85242939	9.62071201
L+S inner=4	33	8.65656376	9.55128132
L+S inner=4	34	8.55058670	9.48049519
L+S inner=4	35	8.50023746	9.40873650
L+S inner=4	36	8.47098637	9.33874798
L+S inner=4	37	8.40839481	9.26803062
L+S inner=4	38	8.29937267	9.19556904
L+S inner=4	39	8.07679367	9.11632687
L+S inner=4	40	8.21114826	9.04433167
L+S inner=4	41	8.06900501	8.97017841
L+S inner=4	42	8.06347466	8.89887203
L+S inner=4	43	8.01271248	8.82762802
L+S inner=4	44	8.00820065	8.75916607
L+S inner=4	45	7.93924952	8.69009432
L+S inner=4	46	8.06632423	8.62713148
L+S inner=4	47	7.85016108	8.56017555
L+S inner=4	48	7.74833012	8.49368538
L+S inner=4	49	7.73036098	8.43134647
L+S inner=4	50	7.61574602	8.36529215
L+S inner=4	51	7.72796440	8.30653090
L+S inner=4	52	7.73633194	8.25080053
L+S inner=4	53	7.67485237	8.19729666
L+S inner=4	54	7.62445784	8.14332054
L+S inner=4	55	7.71081543	8.09707169
L+S inner=4	56	7.52353954	8.04512157
L+S inner=4	57	7.55311441	7.99314898
L+S inner=4	58	7.50059271	7.94691013
L+S inner=4	59	7.49111176	7.90453114
L+S inner=4	60	7.44163847	7.86218718
L+S inner=4	61	7.62990475	7.82854391
L+S inner=4	62	7.53931284	7.79378063
L+S inner=4	63	7.57333469	7.76473911
L+S inner=4	64	7.47139835	7.74052330
L+S inner=4	65	7.26822090	7.70280621
L+S inner=4	66	7.37219954	7.67493399
L+S inner=4	67	7.25668716	7.64266249
L+S inner=4	68	7.16827965	7.60888517
L+S inner=4	69	7.44972038	7.58654596
L+S inner=4	70	7.10522509	7.55318499
L+S inner=4	71	7.08996201	7.51413050
L+S inner=4	72	7.27150726	7.49098434
L+S inner=4	73	7.24817514	7.47097815
L+S inner=4	74	7.20525646	7.44997396
L+S inner=4	75	7.26528549	7.43595554
L+S inner=4	76	7.21989107	7.41563261
L+S inner=4	77	7.28304005	7.39750093
L+S inner=4	78	7.19008255	7.37811014
L+S inner=4	79	7.07445812	7.35611015
L+S inner=4	80	7.02910280	7.32884165
L+S inner=4	81	7.32211590	7.32078470
L+S inner=4	82	7.09843349	7.30259747
L+S inner=4	83	7.21179724	7.29104565
L+S inner=4	84	7.09031963	7.27501396
L+S inner=4	85	6.95494509	7.25554623
L+S inner=4	86	7.16542339	7.23696697
L+S inner=4	87	7.17893791	7.22255198
L+S inner=4	88	6.82600212	7.19265867
L+S inner=4	89	7.03304386	7.17512449
L+S inner=4	90	7.18855286	7.17193777
L+S inner=4	91	7.27655172	7.16811186
L+S inner=4	92	7.04004669	7.15944624
L+S inner=4	93	7.24691296	7.16259157
L+S inner=4	94	7.08704853	7.14808470
L+S inner=4	95	6.88234329	7.13916943
L+S inner=4	96	7.05815887	7.13789730
L+S inner=4	97	7.01378918	7.12758858
L+S inner=4	98	6.95052624	7.11568262
L+S inner=4	99	6.72455978	7.09645475
L+S inner=4	100	6.95325994	7.08397373
L+S inner=4	101	6.90829515	7.07150990
L+S inner=4	102	6.99586678	7.06002296
L+S inner=4	103	6.87375736	7.04736996
L+S inner=4	104	6.92102766	7.04123274
L+S inner=4	105	6.76757479	7.03077162
L+S inner=4	106	6.76849031	7.00862659
L+S inner=4	107	6.88909292	7.00025297
L+S inner=4	108	6.92858601	6.98892452
L+S inner=4	109	7.19823837	6.99324127
L+S inner=4	110	6.97359276	6.99398718
L+S inner=4	111	6.68818760	6.97489775
L+S inner=4	112	6.84196568	6.96141886
L+S inner=4	113	6.68626785	6.95582949
L+S inner=4	114	6.89782476	6.95042072
L+S inner=4	115	6.69649887	6.93073856
L+S inner=4	116	6.88429642	6.91504835
L+S inner=4	117	6.66015625	6.89985273
L+S inner=4	118	7.07469940	6.89296419
L+S inner=4	119	6.75490522	6.87967846
L+S inner=4	120	6.79479885	6.87617668
L+S inner=4	121	6.94542599	6.87166737
L+S inner=4	122	6.80394840	6.86327374
L+S inner=4	123	6.76406097	6.85581512
L+S inner=4	124	6.76521587	6.85744137
L+S inner=4	125	6.60244846	6.84340891
L+S inner=4	126	6.65999603	6.83347694
L+S inner=4	127	6.69591761	6.82147898
L+S inner=4	128	6.80397272	6.81868759
L+S inner=4	129	6.88689327	6.81732222
L+S inner=4	130	6.77375364	6.81756937
L+S inner=4	131	6.72133398	6.81568312
L+S inner=4	132	6.68441677	6.80749607
L+S inner=4	133	6.62008667	6.79515610
L+S inner=4	134	6.58372116	6.77057541
L+S inner=4	135	6.63186932	6.75690647
L+S inner=4	136	6.81965685	6.76216524
L+S inner=4	137	6.44107533	6.74612963
L+S inner=4	138	6.69301605	6.74639956
L+S inner=4	139	6.49720001	6.73037457
L+S inner=4	140	6.42623901	6.71956417
L+S inner=4	141	6.51790619	6.70490856
L+S inner=4	142	6.65870667	6.70485058
L+S inner=4	143	6.59201670	6.68554327
L+S inner=4	144	6.58995914	6.67894543
L+S inner=4	145	6.61820793	6.67188179
L+S inner=4	146	6.57852936	6.65720592
L+S inner=4	147	6.57199001	6.64792759
L+S inner=4	148	6.52995348	6.63856329
L+S inner=4	149	6.60345936	6.63209303
L+S inner=4	150	6.59343815	6.63173262
L+S inner=4	151	6.69509315	6.63313650
L+S inner=4	152	6.65225029	6.63138981
L+S inner=4	153	6.42827749	6.61636200
L+S inner=4	154	6.93167877	6.61815342
L+S inner=4	155	6.56012678	6.60960835
L+S inner=4	156	6.43404102	6.59811663
L+S inner=4	157	6.69035864	6.59835430
L+S inner=4	158	6.49053860	6.59317238
L+S inner=4	159	6.44077778	6.58745464
L+S inner=4	160	6.32440472	6.57515606
L+S inner=4	161	6.57320166	6.56529785
L+S inner=4	162	6.54123354	6.56930418
L+S inner=4	163	6.77122211	6.57243242
L+S inner=4	164	6.73281288	6.58185694
L+S inner=4	165	6.62023926	6.58961695
L+S inner=4	166	6.46850681	6.58764097
L+S inner=4	167	6.43736553	6.57878733
L+S inner=4	168	6.41145039	6.57156467
L+S inner=4	169	6.42976999	6.56515711
L+S inner=4	170	6.54494858	6.56222673
L+S inner=4	171	6.37536621	6.55410021
L+S inner=4	172	6.28046036	6.54243902
L+S inner=4	173	6.48257732	6.54054398
L+S inner=4	174	6.42612362	6.53345055
L+S inner=4	175	6.81329536	6.54224483
L+S inner=4	176	6.49464321	6.53422684
L+S inner=4	177	6.52587891	6.52917198
L+S inner=4	178	6.51625013	6.53269089
L+S inner=4	179	6.41901207	6.51218422
L+S inner=4	180	6.47791100	6.50889559
L+S inner=4	181	6.37753391	6.50663530
L+S inner=4	182	6.25925303	6.48939108
L+S inner=4	183	6.46066570	6.48819616
L+S inner=4	184	6.45851326	6.48890558
L+S inner=4	185	6.45142174	6.49398626
L+S inner=4	186	6.30909443	6.48342197
L+S inner=4	187	6.70730925	6.49006500
L+S inner=4	188	6.28209400	6.47049988
L+S inner=4	189	6.09184504	6.44486116
L+S inner=4	190	6.42235565	6.43694582
L+S inner=4	191	6.37415600	6.43317179
L+S inner=4	192	6.41085958	6.43211155
L+S inner=4	193	6.37453651	6.43063499
L+S inner=4	194	6.47696495	6.43252279
L+S inner=4	195	6.40170765	6.42679316
L+S inner=4	196	6.36172247	6.42624741
L+S inner=4	197	6.23815441	6.42455517
L+S inner=4	198	6.41221142	6.42174053
L+S inner=4	199	6.39110470	6.42033978
L+S inner=4	202	6.41104984	6.40424995
L+S inner=4	203	6.14297962	6.39018341
L+S inner=4	204	6.49078226	6.38877954
L+S inner=4	205	6.39659595	6.38399338
L+S inner=4	206	6.34494305	6.38103062
L+S inner=4	207	6.13537407	6.36732914
L+S inner=4	208	6.37411499	6.36719238
L+S inner=4	209	6.32374001	6.36977186
L+S inner=4	210	6.31191111	6.36382168
L+S inner=4	211	6.06781197	6.34819363
L+S inner=4	212	6.05465317	6.33232288
L+S inner=4	213	6.28561974	6.33138390
L+S inner=4	214	6.41634035	6.31974514
L+S inner=4	215	6.41318941	6.32498896
L+S inner=4	216	6.36067677	6.33574223
L+S inner=4	217	6.63227272	6.34413891
L+S inner=4	218	6.38815165	6.34469873
L+S inner=4	219	6.18861818	6.33580908
L+S inner=4	220	6.32020378	6.33363577
L+S inner=4	221	6.34042358	6.32817411
L+S inner=4	222	6.22865820	6.32125214
L+S inner=4	223	6.14340591	6.31251947
L+S inner=4	224	6.35930395	6.31736546
L+S inner=4	225	6.19593000	6.30871420
L+S inner=4	226	6.42773914	6.31017958
L+S inner=4	227	6.31821108	6.30646603
L+S inner=4	228	6.61243153	6.32524410
L+S inner=4	229	6.15699434	6.31189259
L+S inner=4	230	6.04657221	6.29789164
L+S inner=4	231	6.36818933	6.29882149
L+S inner=4	232	6.32059860	6.30623047
L+S inner=4	233	6.31861305	6.30401039
L+S inner=4	234	6.20864248	6.29940649
L+S inner=4	235	6.20353174	6.29507132
L+S inner=4	236	6.04159784	6.29402275
L+S inner=4	237	6.13931179	6.29740910
L+S inner=4	238	6.38400269	6.30134441
L+S inner=4	239	6.01862860	6.28543594
L+S inner=4	240	6.29107332	6.28055130
L+S inner=4	241	6.18901825	6.27368496
L+S inner=4	242	6.35316133	6.26252050
L+S inner=4	243	6.13018560	6.25220186
L+S inner=4	244	6.36042786	6.25907425
L+S inner=4	245	6.33693886	6.25974365
L+S inner=4	246	6.26706123	6.25680916
L+S inner=4	247	6.08110571	6.25090706
L+S inner=4	248	6.26006985	6.25557362
L+S inner=4	249	6.13466454	6.24658804
L+S inner=4	250	6.34485388	6.25254499
L+S inner=4	251	6.17209673	6.24231930
L+S inner=4	252	6.41625881	6.24624121
L+S inner=4	253	6.12567472	6.22677094
L+S inner=4	254	6.21707010	6.22917397
L+S inner=4	255	6.21971846	6.23609982
L+S inner=4	256	6.11245918	6.22587061
L+S inner=4	257	6.22443390	6.22202402
L+S inner=4	258	5.96144867	6.20773745
L+S inner=4	259	6.29498100	6.21119099
L+S inner=4	260	6.17723322	6.21013905
L+S inner=4	261	6.04619074	6.21032276
L+S inner=4	262	6.18251562	6.21205091
L+S inner=4	263	6.05411625	6.19885546
L+S inner=4	264	6.19659901	6.20597427
L+S inner=4	265	6.13660574	6.19979557
L+S inner=4	266	6.25074577	6.20226467
L+S inner=4	267	6.07369137	6.19108587
L+S inner=4	268	6.17266750	6.19278515
L+S inner=4	269	6.33395195	6.19172611
L+S inner=4	270	6.16223574	6.18473799
L+S inner=4	271	6.22212553	6.18294056
L+S inner=4	272	5.97265148	6.17860239
L+S inner=4	273	6.16190624	6.17467585
L+S inner=4	274	6.19174290	6.17695898
L+S inner=4	275	6.24462128	6.17294968
L+S inner=4	276	6.04598045	6.16790503
L+S inner=4	277	6.32042503	6.16407167
L+S inner=4	278	6.18548965	6.16646427
L+S inner=4	279	5.89568806	6.15360899
L+S inner=4	280	6.07765150	6.14792631
L+S inner=4	281	6.03739643	6.14492380
L+S inner=4	282	6.09458351	6.13972979
L+S inner=4	283	6.02569580	6.14229967
L+S inner=4	284	6.14806414	6.13642300
L+S inner=4	285	6.05306244	6.13145617
L+S inner=4	286	6.07872629	6.13275759
L+S inner=4	287	5.98374462	6.12480675
L+S inner=4	288	5.96947002	6.12142090
L+S inner=4	289	5.98336315	6.11289146
L+S inner=4	290	6.02283955	6.10834082
L+S inner=4	291	6.07682228	6.10138388
L+S inner=4	292	6.16452599	6.10501726
L+S inner=4	293	6.14734125	6.10400421
L+S inner=4	294	6.08764553	6.09415195
L+S inner=4	295	6.12776279	6.09277304
L+S inner=4	296	6.13778448	6.08939939
L+S inner=4	297	6.00332928	6.09062651
L+S inner=4	298	6.05348635	6.08628971
L+S inner=4	299	6.05870008	6.08096800
L+S inner=4	300	5.91053486	6.06760454
L+S inner=4	301	5.93050718	6.06298561
L+S inner=4	302	6.05224228	6.05225830
L+S inner=4	303	6.03184080	6.04611235
L+S inner=4	304	6.16318512	6.05681223
L+S inner=4	305	6.11905289	6.05846828
L+S inner=4	306	6.07447577	6.05995146
L+S inner=4	307	5.78778410	6.04767948
L+S inner=4	308	5.87803459	6.04177303
L+S inner=4	309	5.99798059	6.03576969
L+S inner=4	310	6.07019949	6.03645517
L+S inner=4	311	6.22763205	6.04241140
L+S inner=4	312	6.09492064	6.04685844
L+S inner=4	313	5.99428988	6.04785124
L+S inner=4	314	5.95819092	6.04684435
L+S inner=4	315	5.95136356	6.04398531
L+S inner=4	316	5.98879910	6.04046438
L+S inner=4	317	6.18972921	6.04147251
L+S inner=4	318	5.98570156	6.03500692
L+S inner=4	319	5.79129696	6.02315298
L+S inner=4	320	6.01569939	6.01867044
L+S inner=4	321	6.02598572	6.01419849
L+S inner=4	322	6.13765240	6.01957142
L+S inner=4	323	6.93493271	6.05482927
L+S inner=4	324	6.08147621	6.05574032
L+S inner=4	325	5.97197056	6.05819775
L+S inner=4	326	6.15921402	6.06734602
L+S inner=4	327	5.99975967	6.06524672
L+S inner=4	328	5.92267609	6.06088013
L+S inner=4	329	5.76199245	6.04483242
L+S inner=4	330	6.02632141	6.04112316
L+S inner=4	331	5.84560394	6.03196829
L+S inner=4	332	5.81988955	6.03325251
L+S inner=4	333	6.18457413	6.04551409
L+S inner=4	334	6.14601898	6.05143562
L+S inner=4	335	5.98107672	6.04787071
L+S inner=4	336	5.91906214	6.03552792
L+S inner=4	337	5.98767567	6.03123812
L+S inner=4	338	6.13543606	6.03688396
L+S inner=4	339	5.88074636	6.03378618
L+S inner=4	340	5.81354523	6.02827345
L+S inner=4	341	6.03883553	6.03027491
L+S inner=4	342	5.91620064	6.01933376
L+S inner=4	343	6.01809072	6.02062933
L+S inner=4	344	6.01666689	6.02964413
L+S inner=4	345	6.11215734	6.03350245
L+S inner=4	346	6.14241791	6.03815973
L+S inner=4	347	6.06981516	6.03544624
L+S inner=4	348	6.14921761	6.00401764
L+S inner=4	349	5.92086697	5.99759327
L+S inner=4	350	5.78916121	5.99028090
L+S inner=4	351	6.04151344	5.98557287
L+S inner=4	352	6.03116941	5.98682926
L+S inner=4	353	5.98388720	5.98927771
L+S inner=4	354	5.96767998	5.99750521
L+S inner=4	355	5.97755337	5.99555449
L+S inner=4	356	5.96740294	6.00042645
L+S inner=4	357	5.96352577	6.00617189
L+S inner=4	358	5.91090727	5.99522522
L+S inner=4	359	5.92674637	5.98645432
L+S inner=4	360	5.89827251	5.98314215
L+S inner=4	361	5.84069729	5.98000755
L+S inner=4	362	5.86593437	5.97513790
L+S inner=4	363	6.08361149	5.97306492
L+S inner=4	364	5.85368299	5.97198238
L+S inner=4	365	5.59547806	5.96325970
L+S inner=4	366	5.99886513	5.96166088
L+S inner=4	367	6.01226711	5.96550354
L+S inner=4	368	5.94777489	5.96269091
L+S inner=4	369	5.76372528	5.95257324
L+S inner=4	370	5.69370365	5.93583509
L+S inner=4	371	6.06922817	5.93290751
L+S inner=4	372	6.04994392	5.93211266
L+S inner=4	373	6.00698805	5.92642347
L+S inner=4	374	6.01389551	5.93014462
L+S inner=4	375	5.78889942	5.93013414
L+S inner=4	376	6.01378584	5.92902504
L+S inner=4	377	5.76350355	5.91831841
L+S inner=4	378	6.06729078	5.92165455
L+S inner=4	379	5.97578859	5.92197889
L+S inner=4	380	6.06640339	5.92553289
L+S inner=4	381	5.92591476	5.92387337
L+S inner=4	382	5.83602953	5.91877352
L+S inner=4	383	5.81321764	5.91486593
L+S inner=4	384	6.06961393	5.92058064
L+S inner=4	385	5.92477751	5.92164083
L+S inner=4	386	6.05744314	5.93031067
L+S inner=4	387	5.95897007	5.93403210
L+S inner=4	388	5.76552868	5.92130878
L+S inner=4	389	5.90014362	5.92316721
L+S inner=4	390	6.58858347	5.96289143
L+S inner=4	391	6.06322575	5.96546585
L+S inner=4	392	5.94058037	5.96259838
L+S inner=4	393	6.01406860	5.96525013
L+S inner=4	394	5.84693098	5.96857836
L+S inner=4	395	5.62339544	5.96576603
L+S inner=4	396	6.00089455	5.96303268
L+S inner=4	397	5.79883432	5.95298830
L+S inner=4	398	5.87369680	5.94765665
L+S inner=4	399	6.09550476	5.95092102
L+S inner=4	400	6.04739666	5.96126091
L+S inner=4	401	5.55546570	5.94292810
L+S inner=4	404	6.00490141	5.95258402
L+S inner=4	405	5.69588661	5.93772785
L+S inner=4	406	5.98763609	5.93820175
L+S inner=4	407	5.71956825	5.92432835
L+S inner=4	408	5.82715464	5.92037794
L+S inner=4	409	5.90725803	5.92322708
L+S inner=4	410	5.83989620	5.92429422
L+S inner=4	411	5.95215750	5.91959597
L+S inner=4	412	5.83824730	5.91613476
L+S inner=4	413	5.93581057	5.91126945
L+S inner=4	414	5.86256790	5.90741337
L+S inner=4	415	5.90132904	5.91284538
L+S inner=4	416	5.93184185	5.91411331
L+S inner=4	417	5.84814739	5.88449587
L+S inner=4	418	5.78290367	5.87328299
L+S inner=4	419	5.90012407	5.87166473
L+S inner=4	420	5.97436619	5.87007664
L+S inner=4	421	5.95130444	5.87425158
L+S inner=4	422	5.74846029	5.87925417
L+S inner=4	423	5.96573544	5.87784781
L+S inner=4	424	5.78623676	5.87734390
L+S inner=4	425	5.76726437	5.87308661
L+S inner=4	426	5.79684258	5.86114012
L+S inner=4	427	5.87064171	5.85406992
L+S inner=4	428	5.73194408	5.86112906
L+S inner=4	429	6.10195732	5.86501129
L+S inner=4	430	5.90534592	5.87338966
L+S inner=4	431	5.67378378	5.86083557
L+S inner=4	432	5.93334484	5.86938663
L+S inner=4	433	5.87094307	5.87113817
L+S inner=4	434	5.84534264	5.86866156
L+S inner=4	435	5.69614124	5.86291136
L+S inner=4	436	5.83592796	5.85826218
L+S inner=4	437	5.79846096	5.85667072
L+S inner=4	438	5.68159199	5.84650198
L+S inner=4	439	5.91591644	5.84863592
L+S inner=4	440	5.72770452	5.84169094
L+S inner=4	441	5.80808496	5.83674067
L+S inner=4	442	5.81338644	5.83535023
L+S inner=4	443	5.77234125	5.83492773
L+S inner=4	444	5.78035164	5.83013683
L+S inner=4	445	5.80515909	5.82336855
L+S inner=4	446	5.89981747	5.82130907
L+S inner=4	447	5.71692467	5.82004765
L+S inner=4	448	5.90023613	5.81742767
L+S inner=4	449	5.73781967	5.81549099
L+S inner=4	450	5.80348253	5.81693972
L+S inner=4	451	6.12581396	5.83009857
L+S inner=4	452	5.70656872	5.82353565
L+S inner=4	453	5.85353374	5.82839924
L+S inner=4	454	5.75011635	5.81432560
L+S inner=4	455	5.46642494	5.79676876
L+S inner=4	456	5.82067966	5.80264460
L+S inner=4	457	5.69491577	5.79310743
L+S inner=4	458	5.94912434	5.79623468
L+S inner=4	459	5.81886005	5.79517538
L+S inner=4	460	5.71591330	5.79596626
L+S inner=4	461	5.86385679	5.79708342
L+S inner=4	462	5.70762444	5.79344995
L+S inner=4	463	5.67047167	5.79300514
L+S inner=4	464	5.83657885	5.78983164
L+S inner=4	465	5.71197128	5.78920231
L+S inner=4	466	5.80088043	5.78891413
L+S inner=4	467	5.98769760	5.79588657
L+S inner=4	468	6.10604000	5.80923452
L+S inner=4	469	5.80695629	5.81029871
L+S inner=4	470	5.74950075	5.80807238
L+S inner=4	471	5.91122389	5.80852863
L+S inner=4	472	5.80796099	5.81217009
L+S inner=4	473	5.72884655	5.80531450
L+S inner=4	474	6.06945658	5.81857998
L+S inner=4	475	5.73884201	5.81599436
L+S inner=4	476	5.86578941	5.80559338
L+S inner=4	477	5.78450012	5.80871063
L+S inner=4	478	5.75798464	5.80488867
L+S inner=4	479	5.77074671	5.80571388
L+S inner=4	480	5.77676773	5.81812759
L+S inner=4	481	5.87537861	5.82031555
L+S inner=4	482	5.93678617	5.82999037
L+S inner=4	483	5.74918652	5.82199286
L+S inner=4	484	5.88097811	5.82447758
L+S inner=4	485	5.76738977	5.82653664
L+S inner=4	486	5.77434874	5.82295631
L+S inner=4	487	5.81959200	5.82743502
L+S inner=4	488	5.71421099	5.82918459
L+S inner=4	489	5.76415539	5.82628765
L+S inner=4	490	5.75031233	5.82782129
L+S inner=4	491	5.75285530	5.82590029
L+S inner=4	492	5.82963228	5.81957767
L+S inner=4	493	5.80492926	5.80753325
L+S inner=4	494	5.74531984	5.80506779
L+S inner=4	495	5.82847929	5.80822693
L+S inner=4	496	5.86029530	5.80618979
L+S inner=4	497	5.86273384	5.80838070
L+S inner=4	498	5.77027369	5.81003778
L+S inner=4	499	5.80061483	5.79928411
L+S inner=4	500	5.63506269	5.79513294
L+S inner=4	501	5.68712234	5.78798626
L+S inner=4	502	5.69590855	5.78444260
L+S inner=4	503	5.79010201	5.78572729
L+S inner=4	504	5.82752800	5.78799854
L+S inner=4	505	5.64101362	5.78256838
L+S inner=4	506	5.70689869	5.77582918
L+S inner=4	507	5.76223040	5.76884695
L+S inner=4	508	5.85230017	5.77297150
L+S inner=4	509	5.57997370	5.76093132
L+S inner=4	510	5.61415863	5.75480207
L+S inner=4	511	5.66698265	5.75050743
L+S inner=4	512	5.78107595	5.74896679
L+S inner=4	513	5.68960619	5.74798260
L+S inner=4	514	5.76469183	5.74800406
L+S inner=4	515	5.65732145	5.74428442
L+S inner=4	516	5.39817095	5.73009705
L+S inner=4	517	5.77213621	5.72779720
L+S inner=4	518	5.99460173	5.73538410
L+S inner=4	519	5.73029423	5.73478308
L+S inner=4	520	5.47761154	5.72074837
L+S inner=4	521	5.58764935	5.70984253
L+S inner=4	522	5.84772491	5.70924217
L+S inner=4	523	5.86882353	5.71318417
L+S inner=4	524	5.64181519	5.70683218
L+S inner=4	525	5.82297802	5.71434879
L+S inner=4	526	5.56272030	5.70937271
L+S inner=4	527	5.97229099	5.72042801
L+S inner=4	528	5.70976400	5.71721449
L+S inner=4	529	6.19910908	5.73207773
L+S inner=4	530	5.67306042	5.73335960
L+S inner=4	531	5.63776302	5.73059418
L+S inner=4	532	5.44416475	5.71787155
L+S inner=4	533	5.56978559	5.70657097
L+S inner=4	534	5.86231565	5.71786465
L+S inner=4	535	5.72634459	5.72235209
L+S inner=4	536	5.77496481	5.72667137
L+S inner=4	537	5.66308498	5.72195173
L+S inner=4	538	5.63241863	5.71966423
L+S inner=4	539	6.12527037	5.73408737
L+S inner=4	540	5.86955833	5.74257685
L+S inner=4	541	5.69189072	5.75432564
L+S inner=4	542	5.66407061	5.75000301
L+S inner=4	543	5.73426533	5.73958956
L+S inner=4	544	5.65370035	5.73652580
L+S inner=4	545	5.80168962	5.74948893
L+S inner=4	546	5.76051426	5.75640352
L+S inner=4	547	5.77428818	5.75346605
L+S inner=4	548	5.65488958	5.74490870
L+S inner=4	549	5.78766823	5.75074282
L+S inner=4	550	5.70157719	5.74588678
L+S inner=4	551	5.60720015	5.74766598
L+S inner=4	552	5.67757702	5.73587742
L+S inner=4	553	5.80631065	5.73973928
L+S inner=4	554	5.82352352	5.72471586
L+S inner=4	555	5.57741690	5.72089012
L+S inner=4	556	5.77209759	5.72626350
L+S inner=4	557	5.63592529	5.73393393
L+S inner=4	558	5.82400227	5.74410259
L+S inner=4	559	5.69933558	5.73758339
L+S inner=4	560	5.74514866	5.73833555
L+S inner=4	561	5.76242590	5.73783400
L+S inner=4	562	5.86567211	5.74593748
L+S inner=4	563	5.85555172	5.75486280
L+S inner=4	564	5.72264338	5.73875772
L+S inner=4	565	5.60886908	5.72833015
L+S inner=4	566	5.63788414	5.72616989
L+S inner=4	567	5.77331305	5.73053959
L+S inner=4	568	5.72704840	5.73025091
L+S inner=4	569	5.61921930	5.72887167
L+S inner=4	570	5.84331799	5.73053680
L+S inner=4	571	5.71317720	5.72864332
L+S inner=4	572	5.72479630	5.72666365
L+S inner=4	573	5.65458775	5.72665157
L+S inner=4	574	5.68766356	5.72265139
L+S inner=4	575	5.75504780	5.72479021
L+S inner=4	576	5.78880119	5.73205425
L+S inner=4	577	5.44792938	5.72286835
L+S inner=4	578	5.86568546	5.72524334
L+S inner=4	579	5.57090235	5.71513849
L+S inner=4	580	5.73272562	5.72135084
L+S inner=4	581	5.82087231	5.72330183
L+S inner=4	582	5.68612671	5.72530989
L+S inner=4	583	5.61076641	5.71678045
L+S inner=4	584	5.61196280	5.71328554
L+S inner=4	585	5.59817123	5.70740644
L+S inner=4	586	5.67257786	5.70381252
L+S inner=4	587	5.72734118	5.69827929
L+S inner=4	588	5.66369057	5.69060484
L+S inner=4	589	6.20547104	5.70991795
L+S inner=4	590	5.77037096	5.71637802
L+S inner=4	591	5.82799578	5.72398249
L+S inner=4	592	5.71342707	5.72158705
L+S inner=4	593	5.62699032	5.71758472
L+S inner=4	594	5.70459414	5.72099972
L+S inner=4	595	5.55804348	5.70958874
L+S inner=4	596	5.71244097	5.70955929
L+S inner=4	597	5.76166344	5.71103397
L+S inner=4	598	5.61858130	5.70959372
L+S inner=4	599	5.76508236	5.71269047
L+S inner=4	600	5.62699080	5.70756819
L+S inner=4	601	5.65145874	5.70207449
L+S inner=4	602	5.64828920	5.71008888
L+S inner=4	603	5.62790108	5.70057751
L+S inner=4	606	5.73251486	5.70704201
L+S inner=4	607	5.57189560	5.70060881
L+S inner=4	608	5.65690231	5.69405001
L+S inner=4	609	5.71662378	5.69526989
L+S inner=4	610	5.76121235	5.70128773
L+S inner=4	611	5.66899157	5.70356888
L+S inner=4	612	5.66315651	5.70616829
L+S inner=4	613	5.73025370	5.70847532
L+S inner=4	614	5.47092199	5.69821856
L+S inner=4	615	5.45919991	5.69003893
L+S inner=4	616	5.56274796	5.66433001
L+S inner=4	617	5.68899202	5.66107485
L+S inner=4	618	5.69585276	5.65578913
L+S inner=4	619	5.56681252	5.64992455
L+S inner=4	620	5.69238997	5.65254053
L+S inner=4	621	5.71392345	5.65291370
L+S inner=4	622	5.81772089	5.66330080
L+S inner=4	623	5.33548403	5.64822252
L+S inner=4	624	5.56633234	5.64040928
L+S inner=4	625	5.54541397	5.63748259
L+S inner=4	626	5.62153721	5.63174078
L+S inner=4	627	5.57714796	5.62974707
L+S inner=4	628	5.79971409	5.63567728
L+S inner=4	629	5.63782549	5.63525873
L+S inner=4	630	5.86388969	5.64469828
L+S inner=4	631	5.82211637	5.64828234
L+S inner=4	632	5.46794081	5.64412415
L+S inner=4	633	5.55889320	5.64020378
L+S inner=4	634	5.51690388	5.63221498
L+S inner=4	635	5.52165508	5.62263269
L+S inner=4	636	5.57851505	5.61901363
L+S inner=4	637	5.58928061	5.61605860
L+S inner=4	638	5.39998293	5.60284777
L+S inner=4	639	5.54195118	5.60568893
L+S inner=4	640	5.53464937	5.60870691
L+S inner=4	641	5.56697464	5.60887598
L+S inner=4	642	5.73107910	5.61055946
L+S inner=4	643	5.58632183	5.60617823
L+S inner=4	644	5.51000738	5.60390602
L+S inner=4	645	5.60848713	5.60054991
L+S inner=4	646	5.70803785	5.60031448
L+S inner=4	647	5.76056242	5.59802814
L+S inner=4	648	5.61201620	5.60908943
L+S inner=4	649	5.88354778	5.62177805
L+S inner=4	650	5.53856659	5.62150415
L+S inner=4	651	5.60291100	5.62075911
L+S inner=4	652	5.63185120	5.62294724
L+S inner=4	653	5.67469311	5.61794640
L+S inner=4	654	5.65766764	5.61874008
L+S inner=4	655	5.64279795	5.60989641
L+S inner=4	656	5.84803963	5.61093334
L+S inner=4	657	5.75725174	5.62250578
L+S inner=4	658	5.61580849	5.62478239
L+S inner=4	659	5.60648870	5.62836578
L+S inner=4	660	5.56315613	5.63002583
L+S inner=4	661	5.64687204	5.63276011
L+S inner=4	662	5.50790548	5.62950510
L+S inner=4	663	5.32719374	5.62659353
L+S inner=4	664	5.57945633	5.62809374
L+S inner=4	665	5.46596718	5.62534645
L+S inner=4	666	5.61053896	5.62708902
L+S inner=4	667	5.69537449	5.62566084
L+S inner=4	668	5.50775814	5.62251829
L+S inner=4	669	5.84016323	5.63572453
L+S inner=4	670	5.76508951	5.64198862
L+S inner=4	671	5.48634195	5.63312078
L+S inner=4	672	5.60617733	5.62694538
L+S inner=4	673	5.53706169	5.62394720
L+S inner=4	674	5.53699112	5.61008493
L+S inner=4	675	5.75136280	5.61859678
L+S inner=4	676	5.66303349	5.62100168
L+S inner=4	677	5.45552540	5.61394865
L+S inner=4	678	5.53844547	5.60849874
L+S inner=4	679	5.42037821	5.59900717
L+S inner=4	680	5.42664242	5.59036095
L+S inner=4	681	5.49456739	5.57622206
L+S inner=4	682	5.60926962	5.57030277
L+S inner=4	683	5.53177643	5.56694149
L+S inner=4	684	5.63537073	5.56809677
L+S inner=4	685	5.62923813	5.57074005
L+S inner=4	686	5.61567926	5.56949234
L+S inner=4	687	5.57147360	5.57203506
L+S inner=4	688	5.79856110	5.59088976
L+S inner=4	689	5.41154528	5.58417332
L+S inner=4	690	5.49107218	5.58517752
L+S inner=4	691	5.63451767	5.58613667
L+S inner=4	692	5.46295738	5.57683998
L+S inner=4	693	5.60161114	5.58059410
L+S inner=4	694	5.58455896	5.57036993
L+S inner=4	695	5.30073357	5.55179569
L+S inner=4	696	5.57803440	5.55546339
L+S inner=4	697	5.64917517	5.55718330
L+S inner=4	698	5.79074097	5.56733047
L+S inner=4	699	5.74253750	5.57555233
L+S inner=4	700	5.71134806	5.57395174
L+S inner=4	701	5.44068480	5.56505779
L+S inner=4	702	5.36880493	5.56158897
L+S inner=4	703	5.53671837	5.56151989
L+S inner=4	704	5.45912266	5.56306967
L+S inner=4	705	5.39848709	5.56194345
L+S inner=4	706	5.46035624	5.56057501
L+S inner=4	707	5.84889126	5.57015987
L+S inner=4	708	5.56580544	5.57152103
L+S inner=4	709	5.47406530	5.56506882
L+S inner=4	710	5.44708014	5.55778250
L+S inner=4	711	5.56140804	5.55561165
L+S inner=4	712	5.47646809	5.55181143
L+S inner=4	713	5.45236731	5.53796368
L+S inner=4	714	5.49222374	5.54119081
L+S inner=4	715	5.43346453	5.53888651
L+S inner=4	716	5.70321560	5.54163443
L+S inner=4	717	5.52216625	5.54400278
L+S inner=4	718	5.45294952	5.53805632
L+S inner=4	719	5.08602953	5.51811514
L+S inner=4	720	5.44139862	5.52374174
L+S inner=4	721	5.77378130	5.53157162
L+S inner=4	722	5.60068417	5.52963198
L+S inner=4	723	5.65412378	5.52416729
L+S inner=4	724	5.68639660	5.52192165
L+S inner=4	725	5.46552134	5.51208858
L+S inner=4	726	5.53535175	5.51587526
L+S inner=4	727	5.61251163	5.52562353
L+S inner=4	728	5.64396858	5.52991354
L+S inner=4	729	5.54198408	5.53322800
L+S inner=4	730	5.64187336	5.54296345
L+S inner=4	731	5.65640450	5.55080538
L+S inner=4	732	5.61440229	5.54142582
L+S inner=4	733	5.52354765	5.53973551
L+S inner=4	734	5.41539001	5.53738850
L+S inner=4	735	5.88550377	5.55492544
L+S inner=4	736	5.60420275	5.55663723
L+S inner=4	737	5.54449368	5.55935825
L+S inner=4	738	5.43045616	5.55848181
L+S inner=4	739	5.50081110	5.55882530
L+S inner=4	740	5.54006052	5.56308914
L+S inner=4	741	5.45850468	5.55330070
L+S inner=4	742	5.41636372	5.54906860
L+S inner=4	743	5.49440861	5.55072697
L+S inner=4	744	5.48185253	5.56655989
L+S inner=4	745	5.33609009	5.56234755
L+S inner=4	746	5.57290363	5.55431244
L+S inner=4	747	5.36879444	5.54503685
L+S inner=4	748	5.37609720	5.53391579
L+S inner=4	749	5.51135969	5.52691431
L+S inner=4	750	5.47354555	5.52723528
L+S inner=4	751	5.64673996	5.53169081
L+S inner=4	752	5.56797600	5.52990938
L+S inner=4	753	5.40718699	5.52043812
L+S inner=4	754	5.53688049	5.52023397
L+S inner=4	755	5.61571407	5.51918760
L+S inner=4	756	5.24696541	5.50281004
L+S inner=4	757	5.50434208	5.49840763
L+S inner=4	758	6.03580761	5.51889803
L+S inner=4	759	5.58536530	5.52569704
L+S inner=4	760	5.38497496	5.50567589
L+S inner=4	761	5.57852364	5.50464872
L+S inner=4	762	5.64931011	5.50884138
L+S inner=4	763	5.52360487	5.51256733
L+S inner=4	764	5.43951178	5.51011536
L+S inner=4	765	5.81904364	5.52127468
L+S inner=4	766	5.26098633	5.51337395
L+S inner=4	767	5.48019600	5.51592724
L+S inner=4	768	5.58402300	5.51951181
L+S inner=4	769	5.49256325	5.51994024
L+S inner=4	770	5.64159584	5.53216047
L+S inner=4	771	5.53056955	5.53046711
L+S inner=4	772	5.37011051	5.53051975
L+S inner=4	773	5.46779060	5.53418749
L+S inner=4	774	5.54605532	5.53557531
L+S inner=4	775	5.47410488	5.53559769
L+S inner=4	776	5.62704468	5.53480988
L+S inner=4	777	5.43882561	5.52964386
L+S inner=4	778	5.43658590	5.53081982
L+S inner=4	779	5.41661930	5.52600937
L+S inner=4	780	5.57988167	5.52457607
L+S inner=4	781	5.44085932	5.53233183
L+S inner=4	782	5.49951029	5.53213856
L+S inner=4	783	5.12491131	5.49570271
L+S inner=4	784	5.46916580	5.49105473
L+S inner=4	785	5.40689325	5.49193146
L+S inner=4	786	5.55839825	5.49112644
L+S inner=4	787	5.49528980	5.48496563
L+S inner=4	788	5.51149797	5.48448135
L+S inner=4	789	5.49261284	5.48660540
L+S inner=4	790	5.54213285	5.47552896
L+S inner=4	791	5.44814920	5.48301548
L+S inner=4	792	5.39744949	5.47970562
L+S inner=4	793	5.94102478	5.49398569
L+S inner=4	794	5.47340345	5.49321930
L+S inner=4	795	5.50111580	5.48760010
L+S inner=4	796	5.39841318	5.48231384
L+S inner=4	797	5.46362019	5.48605423
L+S inner=4	798	5.67215157	5.49422867
L+S inner=4	799	5.50206470	5.49246904
L+S inner=4	800	5.61841440	5.49824142
L+S inner=4	801	5.35398531	5.48731905
L+S inner=4	802	5.53282785	5.49107914
L+S inner=4	803	5.55201674	5.49569637
L+S inner=4	804	5.56706667	5.50171427
L+S inner=4	805	5.33612633	5.49196405
L+S inner=4	808	5.52013826	5.49513521
L+S inner=4	809	5.50455236	5.49533689
L+S inner=4	810	5.47897816	5.50949957
L+S inner=4	811	5.58390713	5.51408922
L+S inner=4	812	5.55007362	5.51981644
L+S inner=4	813	5.42862606	5.51462555
L+S inner=4	814	5.36813593	5.50953939
L+S inner=4	815	5.43286800	5.50639420
L+S inner=4	816	5.61964560	5.51147551
L+S inner=4	817	5.63373089	5.51513943
L+S inner=4	818	5.42718744	5.51430096
L+S inner=4	819	5.39896250	5.51436148
L+S inner=4	820	5.53751421	5.49822105
L+S inner=4	821	5.58054066	5.50250654
L+S inner=4	822	5.42961454	5.49964649
L+S inner=4	823	5.59427261	5.50748087
L+S inner=4	824	5.37338114	5.50387131
L+S inner=4	825	5.46442175	5.49556211
L+S inner=4	826	5.58653879	5.49894108
L+S inner=4	827	5.53550100	5.49562454
L+S inner=4	828	5.42717934	5.49855230
L+S inner=4	829	5.34894419	5.49119696
L+S inner=4	830	5.41255665	5.48561855
L+S inner=4	831	5.56616497	5.48558249
L+S inner=4	832	5.42793179	5.48925470
L+S inner=4	833	5.48700380	5.48792933
L+S inner=4	834	5.35239553	5.48184305
L+S inner=4	835	5.32187366	5.47555887
L+S inner=4	836	5.47343540	5.47114000
L+S inner=4	837	5.38685036	5.46461107
L+S inner=4	838	5.52914906	5.46863199
L+S inner=4	839	5.23266602	5.46321320
L+S inner=4	840	5.56392002	5.46845528
L+S inner=4	841	5.51091480	5.46410604
L+S inner=4	842	5.27520752	5.44976511
L+S inner=4	843	5.33383512	5.44603102
L+S inner=4	844	5.44454098	5.44785416
L+S inner=4	845	5.44399738	5.44411348
L+S inner=4	846	5.61522484	5.44550085
L+S inner=4	847	5.51835823	5.44905060
L+S inner=4	848	5.57798815	5.44839922
L+S inner=4	849	5.46962833	5.45224911
L+S inner=4	850	5.39093351	5.44930958
L+S inner=4	851	5.40363598	5.44199347
L+S inner=4	852	5.37827396	5.43570438
L+S inner=4	853	5.50212002	5.43870201
L+S inner=4	854	5.44245768	5.44244255
L+S inner=4	855	5.46923161	5.44470955
L+S inner=4	856	5.56373787	5.44461246
L+S inner=4	857	5.72776985	5.45660599
L+S inner=4	858	5.45695591	5.45540407
L+S inner=4	859	5.36796045	5.45602667
L+S inner=4	860	5.39472818	5.45894085
L+S inner=4	861	5.40902424	5.45636440
L+S inner=4	862	5.32918358	5.45405773
L+S inner=4	863	5.44789934	5.45080774
L+S inner=4	864	5.56291914	5.46401787
L+S inner=4	865	5.38999271	5.45706078
L+S inner=4	866	5.54883337	5.45857752
L+S inner=4	867	5.48138237	5.46682451
L+S inner=4	868	5.31718922	5.46615868
L+S inner=4	869	5.28712368	5.45986198
L+S inner=4	870	5.31315804	5.45462841
L+S inner=4	871	5.45540905	5.44823578
L+S inner=4	872	5.43098640	5.44474091
L+S inner=4	873	5.16525888	5.42823174
L+S inner=4	874	5.46962738	5.42823170
L+S inner=4	875	5.41183281	5.42906767
L+S inner=4	876	5.57082272	5.43575514
L+S inner=4	877	5.40562773	5.43684929
L+S inner=4	878	5.43733072	5.43425772
L+S inner=4	879	5.31559753	5.42918331
L+S inner=4	880	5.67376709	5.43736473
L+S inner=4	881	5.57960367	5.43799936
L+S inner=4	882	5.45840836	5.42722490
L+S inner=4	883	5.49034643	5.42856052
L+S inner=4	884	5.23355770	5.42318441
L+S inner=4	885	5.34431744	5.42116798
L+S inner=4	886	5.20506430	5.41300959
L+S inner=4	887	5.33070374	5.41307039
L+S inner=4	888	5.41773462	5.41186380
L+S inner=4	889	5.53238678	5.41064251
L+S inner=4	890	5.49739075	5.41493843
L+S inner=4	891	5.53051901	5.41420586
L+S inner=4	892	5.49795532	5.41486877
L+S inner=4	893	5.48424911	5.42155117
L+S inner=4	894	5.38310051	5.42539024
L+S inner=4	895	5.53728437	5.43435530
L+S inner=4	896	5.55347872	5.43827808
L+S inner=4	897	5.29340506	5.43277483
L+S inner=4	898	5.36028290	5.44057579
L+S inner=4	899	5.46841812	5.44052742
L+S inner=4	900	5.44042921	5.44167128
L+S inner=4	901	5.39154482	5.43450016
L+S inner=4	902	5.30419970	5.43044304
L+S inner=4	903	5.33427858	5.42632095
L+S inner=4	904	5.40992785	5.43009417
L+S inner=4	905	5.36325598	5.41767372
L+S inner=4	906	5.21641636	5.40314623
L+S inner=4	907	5.36340904	5.39934626
L+S inner=4	908	5.17853975	5.38687399
L+S inner=4	909	5.39574432	5.39336145
L+S inner=4	910	5.34966660	5.39357542
L+S inner=4	911	5.43802834	5.40289398
L+S inner=4	912	5.41254520	5.40616764
L+S inner=4	913	5.43495607	5.40685650
L+S inner=4	914	5.64057827	5.41118416
L+S inner=4	915	5.35831356	5.40562107
L+S inner=4	916	5.47015238	5.40320641
L+S inner=4	917	5.33154869	5.39655014
L+S inner=4	918	5.44666433	5.39504675
L+S inner=4	919	5.43872213	5.39727161
L+S inner=4	920	5.45249081	5.39387987
L+S inner=4	921	5.39402151	5.38750158
L+S inner=4	922	5.36579227	5.39039707
L+S inner=4	923	5.42249060	5.39288538
L+S inner=4	924	5.43628740	5.39160015
L+S inner=4	925	5.48909473	5.39354677
L+S inner=4	926	5.27690840	5.38896132
L+S inner=4	927	5.38776207	5.39230381
L+S inner=4	928	5.46804619	5.39765451
L+S inner=4	929	5.28665829	5.39272373
L+S inner=4	930	5.28369236	5.38954119
L+S inner=4	931	5.58497429	5.40428350
L+S inner=4	932	5.53819704	5.41127502
L+S inner=4	933	5.32316256	5.41705994
L+S inner=4	934	5.29420328	5.41299829
L+S inner=4	935	5.47809696	5.41813551
L+S inner=4	936	5.27324295	5.41154409
L+S inner=4	937	5.39973879	5.41103184
L+S inner=4	938	5.31255722	5.40613588
L+S inner=4	939	5.43805933	5.39803513
L+S inner=4	940	5.66606903	5.41034534
L+S inner=4	941	5.59985924	5.41553362
L+S inner=4	942	5.33182955	5.41554485
L+S inner=4	943	5.47033405	5.41649164
L+S inner=4	944	5.37111473	5.41378735
L+S inner=4	945	5.43428183	5.41305899
L+S inner=4	946	5.43790960	5.41481451
L+S inner=4	947	5.27818966	5.41131041
L+S inner=4	948	5.41382837	5.41096392
L+S inner=4	949	5.27401352	5.40447296
L+S inner=4	950	5.33088207	5.39814445
L+S inner=4	951	5.52793503	5.40818552
L+S inner=4	952	5.44915867	5.41064138
L+S inner=4	953	5.74747705	5.42181862
L+S inner=4	954	5.44384670	5.42810616
L+S inner=4	955	5.37294102	5.43167610
L+S inner=4	956	5.32651711	5.42133781
L+S inner=4	957	5.71340752	5.42834623
L+S inner=4	958	5.40234470	5.43151352
L+S inner=4	959	5.44174623	5.43741524
L+S inner=4	960	5.51209545	5.43877518
L+S inner=4	961	5.44244862	5.44554340
L+S inner=4	962	5.29473019	5.44134306
L+S inner=4	963	5.29036713	5.44045546
L+S inner=4	964	5.37808228	5.43805637
L+S inner=4	965	5.47760916	5.43051798
L+S inner=4	966	5.01856327	5.40726614
L+S inner=4	967	4.86502934	5.38859413
L+S inner=4	968	5.19403791	5.37754229
L+S inner=4	969	5.43814802	5.38022362
L+S inner=4	970	5.37532711	5.37786543
L+S inner=4	971	5.45949221	5.37872873
L+S inner=4	972	5.35783434	5.38191452
L+S inner=4	973	5.63318491	5.39068878
L+S inner=4	974	5.42055273	5.39655035
L+S inner=4	975	5.26612616	5.39396011
L+S inner=4	976	5.39050245	5.38846281
L+S inner=1	1	10.87112808	10.87112808
L+S inner=1	2	10.86401653	10.86757231
L+S inner=1	3	10.82160282	10.85224915
L+S inner=1	4	10.75659752	10.82833624
L+S inner=1	5	10.65545273	10.79375954
L+S inner=1	6	10.55396938	10.75379451
L+S inner=1	7	10.47945499	10.71460315
L+S inner=1	8	10.39447784	10.67458749
L+S inner=1	9	10.31908417	10.63508712
L+S inner=1	10	10.28755474	10.60033388
L+S inner=1	11	10.20830727	10.56469510
L+S inner=1	12	10.15773201	10.53078151
L+S inner=1	13	10.08658886	10.49661284
L+S inner=1	14	10.02774525	10.46312230
L+S inner=1	15	9.97474098	10.43056355
L+S inner=1	16	9.88047600	10.39618307
L+S inner=1	17	9.79643059	10.36090352
L+S inner=1	18	9.73405838	10.32607879
L+S inner=1	19	9.65039444	10.29051645
L+S inner=1	20	9.59678459	10.25582986
L+S inner=1	21	9.56186008	10.22278368
L+S inner=1	22	9.44053459	10.18722690
L+S inner=1	23	9.31991386	10.14951764
L+S inner=1	24	9.18563652	10.10935593
L+S inner=1	25	9.15412331	10.07114662
L+S inner=1	26	9.07189274	9.99917721
L+S inner=1	27	9.00487709	9.92481163
L+S inner=1	28	8.85818577	9.84627495
L+S inner=1	29	8.82048035	9.76883026
L+S inner=1	30	8.71944809	9.69139008
L+S inner=1	31	8.68168926	9.61649887
L+S inner=1	32	8.72694016	9.54639828
L+S inner=1	33	8.50840569	9.47095539
L+S inner=1	34	8.40039062	9.39420765
L+S inner=1	35	8.32139397	9.31556122
L+S inner=1	36	8.22259712	9.23613281
L+S inner=1	37	8.18519783	9.15723145
L+S inner=1	38	8.09454918	9.07754986
L+S inner=1	39	7.86097240	8.99087894
L+S inner=1	40	8.02660847	8.91295364
L+S inner=1	41	7.88805771	8.83325691
L+S inner=1	42	7.87916899	8.75656645
L+S inner=1	43	7.84283876	8.68091766
L+S inner=1	44	7.86169195	8.60936956
L+S inner=1	45	7.81184244	8.53797188
L+S inner=1	46	7.96115446	8.47394365
L+S inner=1	47	7.76321125	8.40685072
L+S inner=1	48	7.73114920	8.34330013
L+S inner=1	49	7.72501183	8.28487514
L+S inner=1	50	7.63139153	8.22396587
L+S inner=1	51	7.74780416	8.17100233
L+S inner=1	52	7.70724249	8.11909695
L+S inner=1	53	7.63117933	8.07001669
L+S inner=1	54	7.60438251	8.02137278
L+S inner=1	55	7.70441723	7.98077154
L+S inner=1	56	7.61522579	7.93811300
L+S inner=1	57	7.60991001	7.89343180
L+S inner=1	58	7.57405663	7.85605783
L+S inner=1	59	7.53979111	7.82163385
L+S inner=1	60	7.51324558	7.78930792
L+S inner=1	61	7.70302486	7.76852503
L+S inner=1	62	7.59310436	7.74484129
L+S inner=1	63	7.59226513	7.72474993
L+S inner=1	64	7.51431942	7.71088381
L+S inner=1	65	7.34330463	7.68355165
L+S inner=1	66	7.45609760	7.66627325
L+S inner=1	67	7.34511185	7.64491096
L+S inner=1	68	7.28501320	7.62259794
L+S inner=1	69	7.57133389	7.61098362
L+S inner=1	70	7.24567175	7.58833679
L+S inner=1	71	7.23836708	7.55942530
L+S inner=1	72	7.40950012	7.54527685
L+S inner=1	73	7.36479330	7.53062262
L+S inner=1	74	7.35076332	7.51565268
L+S inner=1	75	7.39286137	7.50611147
L+S inner=1	76	7.37833977	7.49133289
L+S inner=1	77	7.44859838	7.48098713
L+S inner=1	78	7.37390184	7.47069603
L+S inner=1	79	7.27474308	7.45751045
L+S inner=1	80	7.27072906	7.44016293
L+S inner=1	81	7.43002939	7.43275507
L+S inner=1	82	7.27535439	7.41937284
L+S inner=1	83	7.40692043	7.41268740
L+S inner=1	84	7.27907181	7.40225863
L+S inner=1	85	7.16427231	7.38829969
L+S inner=1	86	7.34566975	7.37400549
L+S inner=1	87	7.37866211	7.36542780
L+S inner=1	88	7.08187962	7.34501238
L+S inner=1	89	7.24730396	7.33433176
L+S inner=1	90	7.41291904	7.33711634
L+S inner=1	91	7.49640083	7.33872847
L+S inner=1	92	7.23133612	7.33417744
L+S inner=1	93	7.38917828	7.33834404
L+S inner=1	94	7.26837969	7.32622587
L+S inner=1	95	7.09378767	7.32015051
L+S inner=1	96	7.25761032	7.32092024
L+S inner=1	97	7.24633169	7.31439350
L+S inner=1	98	7.22781467	7.30891436
L+S inner=1	99	6.97112751	7.29372892
L+S inner=1	100	7.15754604	7.28431631
L+S inner=1	101	7.14027357	7.27479366
L+S inner=1	102	7.20441055	7.26502615
L+S inner=1	103	7.08680725	7.25354237
L+S inner=1	104	7.11826706	7.24728333
L+S inner=1	105	7.01791906	7.23717093
L+S inner=1	106	7.01968765	7.22075726
L+S inner=1	107	7.09787750	7.21365818
L+S inner=1	108	7.10989380	7.20177711
L+S inner=1	109	7.35123920	7.20466381
L+S inner=1	110	7.14722586	7.20398195
L+S inner=1	111	6.95595598	7.18839340
L+S inner=1	112	7.03890991	7.17480331
L+S inner=1	113	6.90770817	7.16783646
L+S inner=1	114	7.05998182	7.16034357
L+S inner=1	115	6.91427898	7.14039797
L+S inner=1	116	7.05890226	7.12289803
L+S inner=1	117	6.85998583	7.10804401
L+S inner=1	118	7.24232101	7.10216972
L+S inner=1	119	6.94950724	7.08941483
L+S inner=1	120	7.00934410	7.08603708
L+S inner=1	121	7.12287569	7.08064770
L+S inner=1	122	7.00301170	7.07091490
L+S inner=1	123	6.96963978	7.06058790
L+S inner=1	124	6.95641136	7.05999926
L+S inner=1	125	6.78257608	7.04500046
L+S inner=1	126	6.86436462	7.03396410
L+S inner=1	127	6.90292978	7.02190487
L+S inner=1	128	7.02575302	7.01946270
L+S inner=1	129	7.09665632	7.01859827
L+S inner=1	130	6.98562431	7.01730648
L+S inner=1	131	6.90735674	7.01281324
L+S inner=1	132	6.86038160	7.00331341
L+S inner=1	133	6.81063318	6.99134298
L+S inner=1	134	6.80891132	6.96964987
L+S inner=1	135	6.82744980	6.95685883
L+S inner=1	136	7.02111149	6.95946505
L+S inner=1	137	6.67970943	6.94509703
L+S inner=1	138	6.83902264	6.94234961
L+S inner=1	139	6.67131948	6.92680311
L+S inner=1	140	6.63874054	6.91578157
L+S inner=1	141	6.75478840	6.90361702
L+S inner=1	142	6.83397961	6.90257677
L+S inner=1	143	6.77497864	6.88388308
L+S inner=1	144	6.78368092	6.87725002
L+S inner=1	145	6.83942127	6.87045311
L+S inner=1	146	6.73122311	6.85478701
L+S inner=1	147	6.74854612	6.84460838
L+S inner=1	148	6.70194054	6.83390041
L+S inner=1	149	6.78189182	6.82691963
L+S inner=1	150	6.77473593	6.82660603
L+S inner=1	151	6.87666082	6.82709787
L+S inner=1	152	6.85168123	6.82504793
L+S inner=1	153	6.65007210	6.81002069
L+S inner=1	154	7.13315678	6.81148071
L+S inner=1	155	6.73100281	6.80129585
L+S inner=1	156	6.62971735	6.79019028
L+S inner=1	157	6.88147736	6.79103411
L+S inner=1	158	6.68977022	6.78619959
L+S inner=1	159	6.63095951	6.77908152
L+S inner=1	160	6.51869059	6.76673115
L+S inner=1	161	6.74491024	6.75568310
L+S inner=1	162	6.71235752	6.75698902
L+S inner=1	163	6.93421602	6.76079676
L+S inner=1	164	6.87790632	6.76906023
L+S inner=1	165	6.77617741	6.77455770
L+S inner=1	166	6.62127304	6.76921709
L+S inner=1	167	6.62771559	6.76096653
L+S inner=1	168	6.63745785	6.75546570
L+S inner=1	169	6.67960978	6.75130285
L+S inner=1	170	6.71466064	6.74631243
L+S inner=1	171	6.54285336	6.73877764
L+S inner=1	172	6.47268915	6.72774336
L+S inner=1	173	6.70317364	6.72779268
L+S inner=1	174	6.61573076	6.72114624
L+S inner=1	175	6.98027945	6.72936798
L+S inner=1	176	6.67728233	6.72139284
L+S inner=1	177	6.72506475	6.71632818
L+S inner=1	178	6.67405224	6.71728739
L+S inner=1	179	6.59315205	6.69568720
L+S inner=1	180	6.67668390	6.69351444
L+S inner=1	181	6.58969593	6.69191359
L+S inner=1	182	6.46758795	6.67535801
L+S inner=1	183	6.64772415	6.67367617
L+S inner=1	184	6.65413427	6.67460316
L+S inner=1	185	6.62522507	6.67886454
L+S inner=1	186	6.49358177	6.66881140
L+S inner=1	187	6.84473324	6.67410643
L+S inner=1	188	6.46196890	6.65521654
L+S inner=1	189	6.29289436	6.63181606
L+S inner=1	190	6.62468719	6.62575645
L+S inner=1	191	6.56920767	6.62367384
L+S inner=1	192	6.59604645	6.62240707
L+S inner=1	193	6.56690121	6.61958481
L+S inner=1	194	6.67551565	6.61942104
L+S inner=1	195	6.57187986	6.61370981
L+S inner=1	196	6.58870459	6.61554386
L+S inner=1	197	6.45562506	6.61486130
L+S inner=1	198	6.60388613	6.61088980
L+S inner=1	199	6.58699036	6.60974018
L+S inner=1	200	6.97512341	6.60953394
L+S inner=1	201	6.54776573	6.60435328
L+S inner=1	202	6.54050684	6.59697096
L+S inner=1	203	6.53170919	6.59127724
L+S inner=1	204	6.64306545	6.59327377
L+S inner=1	205	6.49253321	6.58590775
L+S inner=1	206	6.49108887	6.58196346
L+S inner=1	207	6.32799768	6.57637985
L+S inner=1	208	6.56984854	6.57326483
L+S inner=1	209	6.56553555	6.56972088
L+S inner=1	210	6.55894279	6.56706959
L+S inner=1	211	6.26333475	6.55785971
L+S inner=1	212	6.23141432	6.53332695
L+S inner=1	213	6.59237385	6.53854315
L+S inner=1	214	6.48313427	6.54615274
L+S inner=1	215	6.49438572	6.54094069
L+S inner=1	216	6.45657539	6.53643539
L+S inner=1	217	6.78543949	6.54401112
L+S inner=1	218	6.54675722	6.54320536
L+S inner=1	219	6.43875599	6.53373497
L+S inner=1	220	6.37405872	6.52582212
L+S inner=1	221	6.52768230	6.52338123
L+S inner=1	222	6.51748276	6.52585554
L+S inner=1	223	6.31364155	6.51424576
L+S inner=1	224	6.52344275	6.51170385
L+S inner=1	225	6.32746410	6.48579748
L+S inner=1	226	6.59531498	6.48769945
L+S inner=1	227	6.40120316	6.48212730
L+S inner=1	228	6.76541948	6.49147572
L+S inner=1	229	6.34745932	6.47965147
L+S inner=1	230	6.23951530	6.46953075
L+S inner=1	231	6.56053734	6.47230869
L+S inner=1	232	6.50443888	6.47936634
L+S inner=1	233	6.49453259	6.47635370
L+S inner=1	234	6.40520954	6.46994066
L+S inner=1	235	6.58676529	6.47105356
L+S inner=1	236	6.32778931	6.47363174
L+S inner=1	237	6.28827953	6.47590635
L+S inner=1	238	6.36143064	6.46666862
L+S inner=1	239	6.19196606	6.45502190
L+S inner=1	240	6.49889183	6.45520214
L+S inner=1	241	6.39949131	6.45291878
L+S inner=1	242	6.54763746	6.44340670
L+S inner=1	243	6.53289413	6.44285217
L+S inner=1	244	6.43962431	6.44288691
L+S inner=1	245	6.49383402	6.44767792
L+S inner=1	246	6.45146847	6.44462936
L+S inner=1	247	6.26288271	6.43444536
L+S inner=1	248	6.44791555	6.43981632
L+S inner=1	249	6.28443623	6.43025606
L+S inner=1	250	6.53951788	6.43873821
L+S inner=1	251	6.35757303	6.42922853
L+S inner=1	252	6.59450722	6.43696070
L+S inner=1	253	6.41529608	6.42295576
L+S inner=1	254	6.42937040	6.42623220
L+S inner=1	255	6.38056803	6.43187431
L+S inner=1	256	6.40117645	6.42549988
L+S inner=1	257	6.38309956	6.42064631
L+S inner=1	258	6.13568401	6.40629236
L+S inner=1	259	6.43505192	6.40748606
L+S inner=1	260	6.36480570	6.39860767
L+S inner=1	261	6.34397078	6.39925493
L+S inner=1	262	6.26475525	6.39831396
L+S inner=1	263	6.23613453	6.39330212
L+S inner=1	264	6.44119453	6.40327126
L+S inner=1	265	6.34363317	6.39706091
L+S inner=1	266	6.31382227	6.39363415
L+S inner=1	267	6.28620100	6.38317669
L+S inner=1	268	6.38592529	6.37729794
L+S inner=1	269	6.49969196	6.37970064
L+S inner=1	270	6.32994938	6.37314526
L+S inner=1	271	6.38920259	6.37065462
L+S inner=1	272	6.34021330	6.37374784
L+S inner=1	273	6.40254164	6.37193289
L+S inner=1	274	6.32116604	6.37340208
L+S inner=1	275	6.43025637	6.36903162
L+S inner=1	276	6.22104645	6.36357056
L+S inner=1	277	6.46422434	6.35835924
L+S inner=1	278	6.41912270	6.35851231
L+S inner=1	279	6.37223911	6.35622705
L+S inner=1	280	6.23292732	6.35032143
L+S inner=1	281	6.22594500	6.34331217
L+S inner=1	282	6.39260292	6.34369230
L+S inner=1	283	6.33021545	6.35147356
L+S inner=1	284	6.29625607	6.34592173
L+S inner=1	285	6.27691793	6.34240622
L+S inner=1	286	6.23579073	6.33807901
L+S inner=1	287	6.26433039	6.33806202
L+S inner=1	288	6.26753521	6.33931805
L+S inner=1	289	6.47562599	6.34069530
L+S inner=1	290	6.19936466	6.33492456
L+S inner=1	291	6.10857105	6.32671452
L+S inner=1	292	6.37128735	6.33011797
L+S inner=1	293	6.31120777	6.32712927
L+S inner=1	294	6.25775385	6.31745174
L+S inner=1	295	6.21343040	6.31279099
L+S inner=1	296	6.13484240	6.30261658
L+S inner=1	297	6.19730186	6.29690012
L+S inner=1	298	6.24519062	6.29060608
L+S inner=1	299	6.29219961	6.28944742
L+S inner=1	300	6.07036781	6.27505188
L+S inner=1	301	6.16539192	6.27282570
L+S inner=1	302	6.22024536	6.26306654
L+S inner=1	303	6.23253918	6.25560320
L+S inner=1	304	6.35860968	6.25505802
L+S inner=1	305	6.21181917	6.25421370
L+S inner=1	306	6.26977825	6.25596703
L+S inner=1	307	6.35681248	6.25453541
L+S inner=1	308	6.21697521	6.25000580
L+S inner=1	309	6.21694279	6.24683327
L+S inner=1	310	6.23839378	6.24529230
L+S inner=1	311	6.37821007	6.25098907
L+S inner=1	312	6.27486420	6.25141043
L+S inner=1	313	6.23031712	6.24992170
L+S inner=1	314	6.14378119	6.23664791
L+S inner=1	315	6.13735437	6.23416750
L+S inner=1	316	6.31410885	6.24238901
L+S inner=1	317	6.21931505	6.23631012
L+S inner=1	318	6.21124792	6.23231173
L+S inner=1	319	5.95626259	6.22025208
L+S inner=1	320	6.17143250	6.21857216
L+S inner=1	321	6.20492220	6.22137535
L+S inner=1	322	6.31788492	6.22619867
L+S inner=1	323	6.18207169	6.22367392
L+S inner=1	324	6.13835716	6.21752022
L+S inner=1	325	6.14651775	6.22056622
L+S inner=1	326	6.12813425	6.21907591
L+S inner=1	327	6.41715384	6.22695225
L+S inner=1	328	6.06993437	6.22044806
L+S inner=1	329	5.97452164	6.20508453
L+S inner=1	330	6.21683311	6.20528509
L+S inner=1	331	6.13191700	6.19977064
L+S inner=1	332	6.01990700	6.18629442
L+S inner=1	333	6.37760496	6.19271961
L+S inner=1	334	6.35013914	6.19804747
L+S inner=1	335	6.15593147	6.19474897
L+S inner=1	336	6.00457239	6.17980347
L+S inner=1	337	6.15338182	6.17494417
L+S inner=1	338	6.29649687	6.17759136
L+S inner=1	339	6.15563107	6.17806536
L+S inner=1	340	6.21234941	6.18106516
L+S inner=1	341	6.21825027	6.17723082
L+S inner=1	342	6.11841393	6.17319477
L+S inner=1	343	6.20368719	6.17289234
L+S inner=1	344	6.18729305	6.18213356
L+S inner=1	345	6.23539734	6.18469215
L+S inner=1	346	6.17255259	6.18339737
L+S inner=1	347	6.24323463	6.18041136
L+S inner=1	348	6.33825207	6.18665857
L+S inner=1	349	6.10896301	6.18548281
L+S inner=1	350	6.00158405	6.17968546
L+S inner=1	351	6.22797823	6.18367922
L+S inner=1	352	6.23758602	6.17649651
L+S inner=1	353	6.13141727	6.17895582
L+S inner=1	354	6.16705513	6.18665716
L+S inner=1	355	6.17195892	6.18486219
L+S inner=1	356	6.16194487	6.18606331
L+S inner=1	357	6.04683590	6.18714046
L+S inner=1	358	6.10801792	6.17635698
L+S inner=1	359	6.12460375	6.16733557
L+S inner=1	360	6.09885359	6.16505245
L+S inner=1	361	6.05138636	6.16692501
L+S inner=1	362	6.06965876	6.16357609
L+S inner=1	363	6.27454233	6.16269791
L+S inner=1	364	6.05893660	6.15883013
L+S inner=1	365	6.43159151	6.16759981
L+S inner=1	366	6.18367338	6.16621674
L+S inner=1	367	6.24104500	6.17112198
L+S inner=1	368	6.14135981	6.16862888
L+S inner=1	369	6.07860899	6.16428152
L+S inner=1	370	6.30211926	6.16695040
L+S inner=1	371	6.26599455	6.17068808
L+S inner=1	372	6.11710072	6.16564272
L+S inner=1	373	6.19057369	6.15973558
L+S inner=1	374	6.23311710	6.16470175
L+S inner=1	375	6.09746408	6.16853695
L+S inner=1	376	5.90414047	6.15558344
L+S inner=1	377	5.96639204	6.14473568
L+S inner=1	378	6.23664570	6.14894482
L+S inner=1	379	6.24727964	6.15215380
L+S inner=1	380	6.23336840	6.15461018
L+S inner=1	381	6.10755777	6.15243469
L+S inner=1	382	6.05008078	6.15256449
L+S inner=1	383	6.03076267	6.14947428
L+S inner=1	384	6.12390232	6.14944622
L+S inner=1	385	6.11797523	6.15021109
L+S inner=1	386	6.23468399	6.15754299
L+S inner=1	387	6.14674282	6.16062635
L+S inner=1	388	6.05685329	6.15191879
L+S inner=1	389	6.11402798	6.15412245
L+S inner=1	390	6.24465609	6.14664503
L+S inner=1	391	6.23541641	6.14871475
L+S inner=1	392	6.14688969	6.14494854
L+S inner=1	393	6.20827866	6.14762529
L+S inner=1	394	6.18844271	6.15201864
L+S inner=1	395	6.53204679	6.16121574
L+S inner=1	396	6.15102577	6.15661699
L+S inner=1	397	6.09599972	6.15577295
L+S inner=1	398	6.12720966	6.15323839
L+S inner=1	399	6.14778566	6.14982513
L+S inner=1	400	6.25356102	6.15606901
L+S inner=1	401	5.78856850	6.15144613
L+S inner=1	402	6.07217884	6.15567760
L+S inner=1	403	5.64378405	6.13196314
L+S inner=1	404	6.05863380	6.12441730
L+S inner=1	405	5.89588833	6.11091810
L+S inner=1	406	6.17732286	6.11370871
L+S inner=1	407	5.96403885	6.11026703
L+S inner=1	408	5.89534378	6.10485027
L+S inner=1	409	6.14593267	6.10573149
L+S inner=1	410	5.99589443	6.10084826
L+S inner=1	411	6.18725681	6.09895117
L+S inner=1	412	5.99622202	6.09293034
L+S inner=1	413	6.14608002	6.09649940
L+S inner=1	414	6.06963682	6.09472376
L+S inner=1	415	6.13650894	6.09039787
L+S inner=1	416	6.24930954	6.09095360
L+S inner=1	417	6.14824677	6.09100788
L+S inner=1	418	6.09566402	6.08650330
L+S inner=1	419	6.71918249	6.10773289
L+S inner=1	420	6.05152845	6.08851215
L+S inner=1	421	6.20394135	6.09062878
L+S inner=1	422	5.98287201	6.08610367
L+S inner=1	423	6.16518879	6.08762283
L+S inner=1	424	6.00895357	6.08206955
L+S inner=1	425	6.00656033	6.07218952
L+S inner=1	426	6.03552771	6.08206789
L+S inner=1	427	6.06098938	6.08162031
L+S inner=1	428	5.98383474	6.09522234
L+S inner=1	429	6.33527470	6.10628798
L+S inner=1	430	6.13034439	6.11566622
L+S inner=1	431	5.99611378	6.10841785
L+S inner=1	432	5.92841482	6.10699289
L+S inner=1	433	6.22426128	6.12014959
L+S inner=1	434	6.09493446	6.11810966
L+S inner=1	435	5.94769144	6.11618155
L+S inner=1	436	6.21947384	6.11747023
L+S inner=1	437	6.07792187	6.12073822
L+S inner=1	438	5.90877676	6.11124609
L+S inner=1	439	6.15478802	6.11465214
L+S inner=1	440	5.98248148	6.10849104
L+S inner=1	441	6.05690479	6.10079485
L+S inner=1	442	6.01063442	6.09529036
L+S inner=1	443	6.01123714	6.09191328
L+S inner=1	444	6.01523352	6.06375532
L+S inner=1	445	6.11244440	6.06619196
L+S inner=1	446	6.12737179	6.06312918
L+S inner=1	447	5.96393394	6.06237165
L+S inner=1	448	6.11748362	6.06046345
L+S inner=1	449	5.99101162	6.05974577
L+S inner=1	450	5.88426018	6.05485376
L+S inner=1	451	6.33764029	6.06693827
L+S inner=1	452	5.95431900	6.06267145
L+S inner=1	453	6.10028982	6.06732965
L+S inner=1	454	6.26685190	6.06459274
L+S inner=1	455	5.69073582	6.04700840
L+S inner=1	456	6.04304981	6.04888584
L+S inner=1	457	6.04969120	6.05373690
L+S inner=1	458	6.18139458	6.05202223
L+S inner=1	459	6.04361296	6.04996937
L+S inner=1	460	5.95629835	6.05031364
L+S inner=1	461	6.09723186	6.04542397
L+S inner=1	462	5.96983719	6.04110058
L+S inner=1	463	6.08444214	6.04812719
L+S inner=1	464	6.09477711	6.04572676
L+S inner=1	465	6.02737856	6.04752264
L+S inner=1	466	6.08570337	6.04867458
L+S inner=1	467	5.92876244	6.04539970
L+S inner=1	468	6.35161400	6.05901478
L+S inner=1	469	5.88812590	6.05393047
L+S inner=1	470	6.02685833	6.05050703
L+S inner=1	471	6.02598953	6.04645174
L+S inner=1	472	6.04681873	6.04976713
L+S inner=1	473	6.13253546	6.05036921
L+S inner=1	474	6.03959417	6.05231251
L+S inner=1	475	6.18721247	6.06443060
L+S inner=1	476	6.00141048	6.05098141
L+S inner=1	477	6.09691906	6.05668541
L+S inner=1	478	6.03995991	6.05427221
L+S inner=1	479	6.02957964	6.04478132
L+S inner=1	480	6.08869505	6.06069969
L+S inner=1	481	6.00743055	6.05927492
L+S inner=1	482	6.04310369	6.05901142
L+S inner=1	483	5.99968290	6.05174295
L+S inner=1	484	6.14620113	6.05584648
L+S inner=1	485	5.94081640	6.05522720
L+S inner=1	486	6.12127876	6.05618908
L+S inner=1	487	5.92651081	6.05445602
L+S inner=1	488	6.00632763	6.05133144
L+S inner=1	489	6.04539776	6.04935627
L+S inner=1	490	6.03046370	6.04947968
L+S inner=1	491	5.97320843	6.04497988
L+S inner=1	492	6.02192879	6.04870653
L+S inner=1	493	6.10609961	6.03888596
L+S inner=1	494	5.97886801	6.04251564
L+S inner=1	495	6.11206627	6.04592396
L+S inner=1	496	6.14039230	6.05050007
L+S inner=1	497	6.23495770	6.05802563
L+S inner=1	498	6.06202221	6.05520510
L+S inner=1	499	6.24075413	6.06325150
L-solo b=400	1	10.87407494	10.87407494
L-solo b=400	2	10.86732769	10.87070131
L-solo b=400	3	10.81989479	10.85376581
L-solo b=400	4	10.75893021	10.83005691
L-solo b=400	5	10.65582275	10.79521008
L-solo b=400	6	10.54537773	10.75357135
L-solo b=400	7	10.47185802	10.71332659
L-solo b=400	8	10.40319538	10.67456019
L-solo b=400	9	10.32178593	10.63536305
L-solo b=400	10	10.28418732	10.60024548
L-solo b=400	11	10.20314407	10.56414535
L-solo b=400	12	10.15653324	10.53017767
L-solo b=400	13	10.09241486	10.49650361
L-solo b=400	14	10.04018497	10.46390942
L-solo b=400	15	10.00189781	10.43310865
L-solo b=400	16	9.89395046	10.39941126
L-solo b=400	17	9.81727695	10.36516807
L-solo b=400	18	9.76031780	10.33156527
L-solo b=400	19	9.67552662	10.29703692
L-solo b=400	20	9.61483669	10.26292691
L-solo b=400	21	9.55262280	10.22910291
L-solo b=400	22	9.46572018	10.19440369
L-solo b=400	23	9.37559986	10.15880353
L-solo b=400	24	9.26124859	10.12140540
L-solo b=400	25	9.19747162	10.08444805
L-solo b=400	26	9.08613205	10.01293034
L-solo b=400	27	9.00806141	9.93855968
L-solo b=400	28	8.91500092	9.86236393
L-solo b=400	29	8.85062027	9.78603153
L-solo b=400	30	8.82662201	9.71286350
L-solo b=400	31	8.75184345	9.64112213
L-solo b=400	32	8.69593620	9.57008526
L-solo b=400	33	8.59240246	9.49765354
L-solo b=400	34	8.46832657	9.42351517
L-solo b=400	35	8.36170959	9.34661606
L-solo b=400	36	8.30628872	9.27074184
L-solo b=400	37	8.27816772	9.19560722
L-solo b=400	38	8.10635471	9.11616482
L-solo b=400	39	7.96742296	9.03325434
L-solo b=400	40	8.07492447	8.95617540
L-solo b=400	41	7.90458202	8.87660067
L-solo b=400	42	7.92489386	8.80090534
L-solo b=400	43	7.87327719	8.72542372
L-solo b=400	44	7.88466835	8.65378939
L-solo b=400	45	7.84428549	8.58296734
L-solo b=400	46	7.85986710	8.51525711
L-solo b=400	47	7.70814753	8.44495420
L-solo b=400	48	7.70375443	8.37808039
L-solo b=400	49	7.67412949	8.31459562
L-solo b=400	50	7.64369440	8.25244453
L-solo b=400	51	7.82003689	8.20180073
L-solo b=400	52	7.70077705	8.14950935
L-solo b=400	53	7.68797016	8.10042812
L-solo b=400	54	7.62636709	8.05145800
L-solo b=400	55	7.65541840	8.00460985
L-solo b=400	56	7.58954906	7.95811808
L-solo b=400	57	7.48828697	7.90981211
L-solo b=400	58	7.57563686	7.86914148
L-solo b=400	59	7.50638294	7.83066374
L-solo b=400	60	7.59815073	7.80012138
L-solo b=400	61	7.55925274	7.77023994
L-solo b=400	62	7.61562920	7.74373840
L-solo b=400	63	7.52700472	7.72056440
L-solo b=400	64	7.48946095	7.70144592
L-solo b=400	65	7.39057922	7.67407211
L-solo b=400	66	7.44282436	7.65560181
L-solo b=400	67	7.36047077	7.63302488
L-solo b=400	68	7.39069653	7.61372166
L-solo b=400	69	7.39358425	7.59407829
L-solo b=400	70	7.28452110	7.57168772
L-solo b=400	71	7.20035744	7.54530733
L-solo b=400	72	7.31562328	7.52960636
L-solo b=400	73	7.32623577	7.51450562
L-solo b=400	74	7.25384665	7.49769430
L-solo b=400	75	7.34509611	7.48575037
L-solo b=400	76	7.23455572	7.46233112
L-solo b=400	77	7.28750467	7.44580023
L-solo b=400	78	7.24126911	7.42793219
L-solo b=400	79	7.19954395	7.41085926
L-solo b=400	80	7.05068445	7.38666990
L-solo b=400	81	7.20981789	7.37148066
L-solo b=400	82	7.20532417	7.36016214
L-solo b=400	83	7.19840813	7.34507299
L-solo b=400	84	6.99139023	7.32447329
L-solo b=400	85	7.08920860	7.30411560
L-solo b=400	86	7.27765942	7.29285187
L-solo b=400	87	7.18558598	7.27565014
L-solo b=400	88	7.01456261	7.25515245
L-solo b=400	89	7.13329744	7.24090591
L-solo b=400	90	7.28446770	7.23666145
L-solo b=400	91	7.23481321	7.22834101
L-solo b=400	92	7.03136826	7.21517691
L-solo b=400	93	7.16544056	7.20616667
L-solo b=400	94	7.08591652	7.19385996
L-solo b=400	95	7.32878590	7.19563055
L-solo b=400	96	7.16809654	7.19434011
L-solo b=400	97	7.02028465	7.18252657
L-solo b=400	98	6.87582350	7.16451008
L-solo b=400	99	6.89663363	7.15022156
L-solo b=400	100	6.97544384	7.13543547
L-solo b=400	101	7.04019499	7.12766104
L-solo b=400	102	6.96156359	7.11462339
L-solo b=400	103	7.03709459	7.10645641
L-solo b=400	104	6.94991875	7.09647141
L-solo b=400	105	6.80739260	7.08673973
L-solo b=400	106	6.85373259	7.07249632
L-solo b=400	107	6.98044586	7.06350119
L-solo b=400	108	7.10868979	7.05991245
L-solo b=400	109	7.09347296	7.06399576
L-solo b=400	110	6.95421457	7.05859600
L-solo b=400	111	6.87487602	7.04248466
L-solo b=400	112	6.91834641	7.03179508
L-solo b=400	113	6.81416750	7.02377928
L-solo b=400	114	6.89429760	7.01421928
L-solo b=400	115	6.80328989	6.99497217
L-solo b=400	116	6.80343008	6.97771685
L-solo b=400	117	6.75806189	6.96678459
L-solo b=400	118	6.77150393	6.95102713
L-solo b=400	119	6.82109499	6.94043427
L-solo b=400	120	6.81650591	6.91994307
L-solo b=400	121	6.85117912	6.90726637
L-solo b=400	122	6.73224258	6.89574469
L-solo b=400	123	6.80284739	6.89282564
L-solo b=400	124	6.78827524	6.88849131
L-solo b=400	125	6.62945604	6.87465179
L-solo b=400	126	6.60466099	6.85723043
L-solo b=400	127	6.69495249	6.84656599
L-solo b=400	128	6.85722446	6.83937119
L-solo b=400	129	6.73784685	6.83088831
L-solo b=400	130	6.78071451	6.82982119
L-solo b=400	131	6.74373960	6.82542147
L-solo b=400	132	6.69890547	6.81415985
L-solo b=400	133	6.65747404	6.79611122
L-solo b=400	134	6.79112864	6.78401745
L-solo b=400	135	6.68015289	6.77305498
L-solo b=400	136	6.85055399	6.77208210
L-solo b=400	137	6.59052181	6.75896912
L-solo b=400	138	6.72350454	6.75534260
L-solo b=400	139	6.50412083	6.73973553
L-solo b=400	140	6.55937433	6.72997890
L-solo b=400	141	6.58274555	6.72115152
L-solo b=400	142	6.70747566	6.71912807
L-solo b=400	143	6.68155479	6.71553011
L-solo b=400	144	6.68824053	6.71021593
L-solo b=400	145	6.63865805	6.70310202
L-solo b=400	146	6.65547228	6.69527374
L-solo b=400	147	6.75832939	6.69631721
L-solo b=400	148	6.57891226	6.68735981
L-solo b=400	149	6.65455484	6.68201099
L-solo b=400	150	6.49182606	6.67650579
L-solo b=400	151	6.55783892	6.67463291
L-solo b=400	152	6.68559313	6.67425854
L-solo b=400	153	6.58725691	6.66345984
L-solo b=400	154	6.70165873	6.66201231
L-solo b=400	155	6.61363506	6.65532913
L-solo b=400	156	6.49143028	6.64523676
L-solo b=400	157	6.94026327	6.65489107
L-solo b=400	158	6.54735518	6.65048632
L-solo b=400	159	6.48750019	6.63834118
L-solo b=400	160	6.27891636	6.62229172
L-solo b=400	161	6.54206562	6.60995218
L-solo b=400	162	6.47421741	6.60530001
L-solo b=400	163	6.64862585	6.60230486
L-solo b=400	164	6.59699821	6.60601995
L-solo b=400	165	6.58853865	6.60718653
L-solo b=400	166	6.52312136	6.60480156
L-solo b=400	167	6.49520779	6.59631084
L-solo b=400	168	6.53919554	6.59061647
L-solo b=400	169	6.48938942	6.58266243
L-solo b=400	170	6.55518770	6.57932362
L-solo b=400	171	6.44061089	6.57072916
L-solo b=400	172	6.34077597	6.55402702
L-solo b=400	173	6.51310921	6.55139490
L-solo b=400	174	6.49682570	6.54508574
L-solo b=400	175	6.71448517	6.55399210
L-solo b=400	176	6.49756241	6.55158104
L-solo b=400	177	6.60165691	6.54822359
L-solo b=400	178	6.50799990	6.54505331
L-solo b=400	179	6.41797256	6.53370586
L-solo b=400	180	6.52370548	6.53010868
L-solo b=400	181	6.39609909	6.52629543
L-solo b=400	182	6.36903000	6.50344610
L-solo b=400	183	6.53130007	6.50280390
L-solo b=400	184	6.47613335	6.50234922
L-solo b=400	185	6.49798059	6.51111179
L-solo b=400	186	6.47898388	6.50858852
L-solo b=400	187	6.63364792	6.51496574
L-solo b=400	188	6.42207909	6.50590387
L-solo b=400	189	6.22161150	6.49088840
L-solo b=400	190	6.44231892	6.48503962
L-solo b=400	191	6.37825489	6.47924496
L-solo b=400	192	6.31802034	6.47215746
L-solo b=400	193	6.39650869	6.46644999
L-solo b=400	194	6.50764942	6.46718039
L-solo b=400	195	6.47689247	6.46404858
L-solo b=400	196	6.39633369	6.46227749
L-solo b=400	197	6.32609272	6.46169016
L-solo b=400	198	6.42255402	6.45806795
L-solo b=400	199	6.43986225	6.45578941
L-solo b=400	200	6.55813360	6.44953535
L-solo b=400	201	6.34751749	6.44353355
L-solo b=400	202	6.37030125	6.43427933
L-solo b=400	203	6.26129007	6.42441093
L-solo b=400	204	6.43814230	6.42521772
L-solo b=400	205	6.37608528	6.41931292
L-solo b=400	206	6.33238554	6.41676437
L-solo b=400	207	6.28923702	6.41357265
L-solo b=400	208	6.46467352	6.41090759
L-solo b=400	209	6.38769770	6.40737017
L-solo b=400	210	6.37758493	6.40255434
L-solo b=400	211	6.22858906	6.39253855
L-solo b=400	212	6.13189363	6.37246838
L-solo b=400	213	6.37230396	6.37047737
L-solo b=400	214	6.38608885	6.37705647
L-solo b=400	215	6.36693335	6.37404104
L-solo b=400	216	6.33591413	6.37234741
L-solo b=400	217	6.55329800	6.38175852
L-solo b=400	218	6.46308613	6.38442162
L-solo b=400	219	6.25207424	6.37419861
L-solo b=400	220	6.26536417	6.36573748
L-solo b=400	221	6.34160423	6.36354830
L-solo b=400	222	6.29429722	6.36227648
L-solo b=400	223	6.19524431	6.35318409
L-solo b=400	224	6.44351673	6.35333027
L-solo b=400	225	6.18764019	6.33851053
L-solo b=400	226	6.35382986	6.33876303
L-solo b=400	227	6.27853346	6.33509232
L-solo b=400	228	6.32869720	6.33778860
L-solo b=400	229	6.19389629	6.32801876
L-solo b=400	230	6.14473867	6.31876490
L-solo b=400	231	6.24576712	6.31530016
L-solo b=400	232	6.33962774	6.31731579
L-solo b=400	233	6.27214098	6.30961449
L-solo b=400	234	6.22031784	6.30291929
L-solo b=400	235	6.32201433	6.30069647
L-solo b=400	236	6.10316658	6.29567957
L-solo b=400	237	6.26060772	6.30082813
L-solo b=400	238	6.29345369	6.29767412
L-solo b=400	239	6.13894796	6.28778849
L-solo b=400	240	6.34144640	6.28676901
L-solo b=400	241	6.32717657	6.28641951
L-solo b=400	242	6.30711126	6.27657204
L-solo b=400	243	6.22780228	6.26716068
L-solo b=400	244	6.29241133	6.26877417
L-solo b=400	245	6.27492571	6.26915663
L-solo b=400	246	6.08329391	6.25882421
L-solo b=400	247	6.22765684	6.25615860
L-solo b=400	248	6.25109768	6.25839273
L-solo b=400	249	6.10517788	6.24485918
L-solo b=400	250	6.31977129	6.25014442
L-solo b=400	251	6.16415215	6.24255732
L-solo b=400	252	6.32353449	6.24435736
L-solo b=400	253	6.19072342	6.23883841
L-solo b=400	254	6.22233057	6.23997578
L-solo b=400	255	6.17542553	6.24120325
L-solo b=400	256	6.17540693	6.23838884
L-solo b=400	257	6.25944090	6.23518137
L-solo b=400	258	5.96076918	6.22272650
L-solo b=400	259	6.20120192	6.22196186
L-solo b=400	260	6.21518946	6.21768887
L-solo b=400	261	6.07875919	6.21671257
L-solo b=400	262	6.13082647	6.21152132
L-solo b=400	263	6.13128471	6.20503456
L-solo b=400	264	6.23814297	6.20900236
L-solo b=400	265	6.24038839	6.20496004
L-solo b=400	266	6.21028852	6.20028452
L-solo b=400	267	6.14851284	6.19394058
L-solo b=400	268	6.19350004	6.19256849
L-solo b=400	269	6.16935968	6.18764643
L-solo b=400	270	6.18874598	6.18419924
L-solo b=400	271	6.17945957	6.18804586
L-solo b=400	272	6.06528616	6.18155104
L-solo b=400	273	6.19662571	6.17937216
L-solo b=400	274	6.16720772	6.18185335
L-solo b=400	275	6.20311880	6.17718725
L-solo b=400	276	6.03536892	6.17203592
L-solo b=400	277	6.23900890	6.16865490
L-solo b=400	278	6.20401382	6.16918652
L-solo b=400	279	6.02394676	6.16125116
L-solo b=400	280	6.07931376	6.15740669
L-solo b=400	281	6.11958599	6.15517385
L-solo b=400	282	6.15344763	6.15093412
L-solo b=400	283	6.08347464	6.15584234
L-solo b=400	284	6.10450554	6.15197449
L-solo b=400	285	6.06395292	6.14592503
L-solo b=400	286	6.06734419	6.14546843
L-solo b=400	287	6.02273369	6.14114471
L-solo b=400	288	6.02336788	6.13682804
L-solo b=400	289	6.13543510	6.13271973
L-solo b=400	290	6.07405853	6.12606653
L-solo b=400	291	6.00486851	6.11784973
L-solo b=400	292	6.18250275	6.11920933
L-solo b=400	293	6.13337231	6.11680422
L-solo b=400	294	6.18615341	6.11747597
L-solo b=400	295	6.07808352	6.11304947
L-solo b=400	296	6.03326654	6.10720175
L-solo b=400	297	6.04932308	6.10656322
L-solo b=400	298	6.07899284	6.10185791
L-solo b=400	299	6.09668255	6.09903690
L-solo b=400	300	6.04283285	6.09262547
L-solo b=400	301	5.96564102	6.08983635
L-solo b=400	302	6.05350733	6.08241629
L-solo b=400	303	6.11462402	6.07884069
L-solo b=400	304	6.13537931	6.08329800
L-solo b=400	305	6.08093357	6.08336279
L-solo b=400	306	6.02971268	6.07976786
L-solo b=400	307	5.96918297	6.07239727
L-solo b=400	308	5.95261335	6.06716282
L-solo b=400	309	6.01141357	6.06343914
L-solo b=400	310	6.06179237	6.06335272
L-solo b=400	311	6.19663429	6.06852432
L-solo b=400	312	6.06542683	6.07023205
L-solo b=400	313	6.00800943	6.06961771
L-solo b=400	314	6.03271484	6.06550890
L-solo b=400	315	5.92672968	6.05961575
L-solo b=400	316	6.06740618	6.06211725
L-solo b=400	317	6.11438227	6.05939243
L-solo b=400	318	6.01267672	6.05456461
L-solo b=400	319	5.83371544	6.04046709
L-solo b=400	320	5.99498463	6.03714314
L-solo b=400	321	6.03271437	6.03712105
L-solo b=400	322	6.08936787	6.03872284
L-solo b=400	323	6.57315159	6.05848919
L-solo b=400	324	5.99745750	6.05452019
L-solo b=400	325	5.86086559	6.04724150
L-solo b=400	326	6.06188440	6.05109123
L-solo b=400	327	6.11464453	6.05353672
L-solo b=400	328	5.98729229	6.04844345
L-solo b=400	329	5.90634012	6.03928188
L-solo b=400	330	6.02082157	6.03687740
L-solo b=400	331	5.89458418	6.03147226
L-solo b=400	332	5.89099646	6.02834480
L-solo b=400	333	6.17887306	6.03739519
L-solo b=400	334	6.07071781	6.03976736
L-solo b=400	335	5.95467949	6.03548285
L-solo b=400	336	5.85271358	6.02172602
L-solo b=400	337	6.04360342	6.02085308
L-solo b=400	338	6.09196138	6.02421116
L-solo b=400	339	5.92006731	6.01970526
L-solo b=400	340	5.92281151	6.01954853
L-solo b=400	341	6.07006168	6.01965475
L-solo b=400	342	6.00535393	6.01529362
L-solo b=400	343	6.09456444	6.01856913
L-solo b=400	344	6.13799381	6.03074026
L-solo b=400	345	6.03342342	6.03227781
L-solo b=400	346	6.06466627	6.03355589
L-solo b=400	347	6.07562065	6.03300600
L-solo b=400	348	6.14297152	6.01579880
L-solo b=400	349	5.89698267	6.01177980
L-solo b=400	350	5.87647486	6.01240417
L-solo b=400	351	6.03594828	6.01136673
L-solo b=400	352	6.19608736	6.01462444
L-solo b=400	353	5.97094107	6.01397039
L-solo b=400	354	5.91111946	6.01416157
L-solo b=400	355	6.02778101	6.01443995
L-solo b=400	356	5.94928169	6.01662785
L-solo b=400	357	5.92633104	6.01804123
L-solo b=400	358	6.10423613	6.01505575
L-solo b=400	359	6.05722952	6.01451622
L-solo b=400	360	5.88622284	6.01177795
L-solo b=400	361	5.83412409	6.01103437
L-solo b=400	362	6.00924683	6.00966011
L-solo b=400	363	6.08173656	6.00925112
L-solo b=400	364	5.93829584	6.00998026
L-solo b=400	365	5.94303942	6.01078938
L-solo b=400	366	6.01642609	6.00864395
L-solo b=400	367	5.95724010	6.00671940
L-solo b=400	368	5.92499924	5.99993679
L-solo b=400	369	5.82010984	5.98722143
L-solo b=400	370	5.91052914	5.98230566
L-solo b=400	371	6.06722164	5.98240788
L-solo b=400	372	5.98752022	5.97888386
L-solo b=400	373	5.95419407	5.97133276
L-solo b=400	374	6.06635141	5.97810751
L-solo b=400	375	5.86151266	5.97750902
L-solo b=400	376	5.88374710	5.97142097
L-solo b=400	377	5.78045464	5.95479567
L-solo b=400	378	6.08867693	5.95950510
L-solo b=400	379	6.01120043	5.96350834
L-solo b=400	380	6.04132366	5.96405005
L-solo b=400	381	5.98712921	5.96556395
L-solo b=400	382	5.83770370	5.96201885
L-solo b=400	383	5.91796494	5.95456800
L-solo b=400	384	6.01263475	5.95278421
L-solo b=400	385	5.94589853	5.95517124
L-solo b=400	386	5.89454079	5.95758791
L-solo b=400	387	5.90815544	5.95354425
L-solo b=400	388	5.82784128	5.94338844
L-solo b=400	389	5.91305685	5.94237888
L-solo b=400	390	6.34197235	5.95833620
L-solo b=400	391	5.96329594	5.95621099
L-solo b=400	392	5.93013763	5.95512690
L-solo b=400	393	6.02058458	5.95895031
L-solo b=400	394	5.94204712	5.96382780
L-solo b=400	395	5.98253012	5.96670784
L-solo b=400	396	5.98477316	5.96340990
L-solo b=400	397	5.86514091	5.95851473
L-solo b=400	398	5.89493561	5.95614439
L-solo b=400	399	6.04379559	5.95524216
L-solo b=400	400	5.97065115	5.95960770
L-solo b=400	401	5.56987762	5.94705292
L-solo b=400	402	6.07669401	5.95890249
L-solo b=400	403	5.21721745	5.92404411
L-solo b=400	404	5.93946600	5.92117474
L-solo b=400	405	5.88588715	5.91495728
L-solo b=400	406	5.92465687	5.91245838
L-solo b=400	407	5.83801842	5.91247097
L-solo b=400	408	5.78753281	5.90725368
L-solo b=400	409	5.96131372	5.90520084
L-solo b=400	410	5.85917759	5.90173201
L-solo b=400	411	5.88949299	5.90153009
L-solo b=400	412	5.84034443	5.89881765
L-solo b=400	413	5.95237017	5.90379881
L-solo b=400	414	5.89571810	5.90310526
L-solo b=400	415	5.79767323	5.88133329
L-solo b=400	416	6.00350666	5.88294172
L-solo b=400	417	5.91977739	5.88252731
L-solo b=400	418	5.87207651	5.87658699
L-solo b=400	419	6.29247618	5.89060415
L-solo b=400	420	5.93847322	5.88884188
L-solo b=400	421	6.01516628	5.89005760
L-solo b=400	422	5.82790375	5.88856812
L-solo b=400	423	5.97811413	5.89189526
L-solo b=400	424	5.95860195	5.88848751
L-solo b=400	425	5.89583015	5.88549467
L-solo b=400	426	5.85752201	5.89700045
L-solo b=400	427	5.88994884	5.88953064
L-solo b=400	428	5.71474791	5.90943186
L-solo b=400	429	6.23974323	5.92144295
L-solo b=400	430	5.84463549	5.91979288
L-solo b=400	431	5.75038147	5.91282187
L-solo b=400	432	5.85930634	5.91367338
L-solo b=400	433	5.97927570	5.92134310
L-solo b=400	434	5.90503931	5.91909212
L-solo b=400	435	5.83369017	5.91807262
L-solo b=400	436	5.96091938	5.92092968
L-solo b=400	437	5.91953993	5.92409750
L-solo b=400	438	5.73422718	5.91537178
L-solo b=400	439	5.98916721	5.91910975
L-solo b=400	440	5.83979607	5.92079466
L-solo b=400	441	5.84353447	5.91439577
L-solo b=400	442	5.84899139	5.91156433
L-solo b=400	443	5.85282469	5.91079426
L-solo b=400	444	5.90561914	5.89531998
L-solo b=400	445	5.88594866	5.89321899
L-solo b=400	446	6.01622343	5.89326128
L-solo b=400	447	5.78206253	5.89142763
L-solo b=400	448	5.88403749	5.88766457
L-solo b=400	449	5.79769754	5.88122839
L-solo b=400	450	5.78781700	5.87690786
L-solo b=400	451	6.07338953	5.88554256
L-solo b=400	452	5.82950020	5.88312462
L-solo b=400	453	5.91866112	5.89128115
L-solo b=400	454	5.96217155	5.88017828
L-solo b=400	455	5.72481155	5.87538532
L-solo b=400	456	5.87275362	5.88028021
L-solo b=400	457	5.80275869	5.87801830
L-solo b=400	458	5.98179531	5.87811909
L-solo b=400	459	5.71917009	5.87068432
L-solo b=400	460	5.81063128	5.86976196
L-solo b=400	461	5.91111374	5.86776974
L-solo b=400	462	5.85873604	5.86533758
L-solo b=400	463	5.82457829	5.86895163
L-solo b=400	464	5.90960264	5.86576904
L-solo b=400	465	5.81773567	5.86488663
L-solo b=400	466	5.97557974	5.87016844
L-solo b=400	467	5.90919399	5.87257654
L-solo b=400	468	5.99479485	5.87825535
L-solo b=400	469	5.77384996	5.87298458
L-solo b=400	470	5.88266182	5.87285311
L-solo b=400	471	5.91838312	5.86893950
L-solo b=400	472	5.86010742	5.87206129
L-solo b=400	473	5.86092949	5.87113697
L-solo b=400	474	6.00497532	5.87942808
L-solo b=400	475	5.90505409	5.88411757
L-solo b=400	476	5.88321161	5.87651045
L-solo b=400	477	5.87101984	5.87817123
L-solo b=400	478	5.80401516	5.87358540
L-solo b=400	479	5.81872702	5.86784761
L-solo b=400	480	5.97158861	5.87771870
L-solo b=400	481	5.90208292	5.87889187
L-solo b=400	482	5.91507673	5.88338459
L-solo b=400	483	5.80308294	5.87623610
L-solo b=400	484	5.85531950	5.88168207
L-solo b=400	485	5.79458237	5.88104012
L-solo b=400	486	5.88479710	5.87998745
L-solo b=400	487	5.82521343	5.87864655
L-solo b=400	488	5.67907333	5.87282635
L-solo b=400	489	5.82048082	5.86926147
L-solo b=400	490	5.84594917	5.87039001
L-solo b=400	491	5.81438541	5.86394224
L-solo b=400	492	5.88717270	5.86306139
L-solo b=400	493	5.92551994	5.86029039
L-solo b=400	494	5.82266474	5.86224298
L-solo b=400	495	5.92120504	5.86378471
L-solo b=400	496	5.89933205	5.86302267
L-solo b=400	497	6.00299263	5.86873808
L-solo b=400	498	5.91502047	5.87090172
L-solo b=400	499	5.97381878	5.86965546
L-solo b=200	1	10.87730694	10.87730694
L-solo b=200	2	10.86234856	10.86982775
L-solo b=200	3	10.81804657	10.85256735
L-solo b=200	4	10.74550533	10.82580185
L-solo b=200	5	10.64160538	10.78896255
L-solo b=200	6	10.58585167	10.75511074
L-solo b=200	7	10.47258663	10.71475015
L-solo b=200	8	10.39185619	10.67438841
L-solo b=200	9	10.36061764	10.63952499
L-solo b=200	10	10.30129051	10.60570154
L-solo b=200	11	10.20187759	10.56899027
L-solo b=200	12	10.15731239	10.53468378
L-solo b=200	13	10.10983658	10.50200323
L-solo b=200	14	10.02787018	10.46813658
L-solo b=200	15	10.00248146	10.43709291
L-solo b=200	16	9.92670822	10.40519387
L-solo b=200	17	9.81563854	10.37051414
L-solo b=200	18	9.76515102	10.33688286
L-solo b=200	19	9.70227051	10.30348221
L-solo b=200	20	9.65583134	10.27109966
L-solo b=200	21	9.54485893	10.23651677
L-solo b=200	22	9.45750618	10.20110720
L-solo b=200	23	9.39526176	10.16607044
L-solo b=200	24	9.29093170	10.12960633
L-solo b=200	25	9.19948578	10.09240150
L-solo b=200	26	9.11051559	10.02172985
L-solo b=200	27	9.10450172	9.95141598
L-solo b=200	28	8.96565533	9.87732033
L-solo b=200	29	8.89143562	9.80315754
L-solo b=200	30	8.91367531	9.73404034
L-solo b=200	31	8.67905807	9.65776859
L-solo b=200	32	8.62455654	9.58384739
L-solo b=200	33	8.50699520	9.50845295
L-solo b=200	34	8.47442245	9.43300514
L-solo b=200	35	8.40878296	9.35730484
L-solo b=200	36	8.26988220	9.28002502
L-solo b=200	37	8.19483948	9.20152611
L-solo b=200	38	8.13902664	9.12269371
L-solo b=200	39	8.14520264	9.04738701
L-solo b=200	40	8.06197262	8.96976665
L-solo b=200	41	8.12204456	8.89758011
L-solo b=200	42	7.92923784	8.82212408
L-solo b=200	43	7.94437313	8.74929296
L-solo b=200	44	7.87722254	8.67629105
L-solo b=200	45	7.77763367	8.60116314
L-solo b=200	46	7.88058949	8.53459236
L-solo b=200	47	7.79573250	8.46812141
L-solo b=200	48	7.54065752	8.39393724
L-solo b=200	49	7.69616699	8.33014666
L-solo b=200	50	7.75034904	8.27218119
L-solo b=200	51	7.68381882	8.21511332
L-solo b=200	52	7.52317715	8.15186033
L-solo b=200	53	7.48531723	8.09264681
L-solo b=200	54	7.59474707	8.04077927
L-solo b=200	55	7.49573040	7.98406147
L-solo b=200	56	7.55849457	7.93923893
L-solo b=200	57	7.53502274	7.89565758
L-solo b=200	58	7.41640854	7.85203411
L-solo b=200	59	7.52284431	7.81397099
L-solo b=200	60	7.47705650	7.77670193
L-solo b=200	61	7.55651093	7.74816708
L-solo b=200	62	7.64740944	7.72626987
L-solo b=200	63	7.73211288	7.70999332
L-solo b=200	64	7.46574450	7.68281500
L-solo b=200	65	7.46195316	7.65881422
L-solo b=200	66	7.58161592	7.63719707
L-solo b=200	67	7.43047428	7.61724653
L-solo b=200	68	7.41336823	7.59600634
L-solo b=200	69	7.33895302	7.57447556
L-solo b=200	70	7.38575840	7.55880054
L-solo b=200	71	7.42398882	7.54053652
L-solo b=200	72	7.25258398	7.51881058
L-solo b=200	73	7.44540405	7.51500044
L-solo b=200	74	7.34136152	7.50080822
L-solo b=200	75	7.28205681	7.48207653
L-solo b=200	76	7.14953375	7.46070513
L-solo b=200	77	6.95183134	7.43785130
L-solo b=200	78	7.14922142	7.42440746
L-solo b=200	79	7.31299210	7.41313726
L-solo b=200	80	7.27483988	7.40430164
L-solo b=200	81	7.14047909	7.38758102
L-solo b=200	82	7.15553093	7.37240135
L-solo b=200	83	7.18346167	7.36308348
L-solo b=200	84	7.17733145	7.34926296
L-solo b=200	85	7.14883852	7.33613424
L-solo b=200	86	7.16833115	7.32060705
L-solo b=200	87	7.26858568	7.30545410
L-solo b=200	88	7.20452213	7.28435047
L-solo b=200	89	7.18284225	7.27303438
L-solo b=200	90	7.04990482	7.25655245
L-solo b=200	91	7.02489090	7.23428345
L-solo b=200	92	7.39674664	7.23293434
L-solo b=200	93	7.09840775	7.22033592
L-solo b=200	94	6.93896437	7.20433638
L-solo b=200	95	7.01545811	7.18952436
L-solo b=200	96	7.01795912	7.17328318
L-solo b=200	97	6.95584631	7.16141367
L-solo b=200	98	7.06044102	7.14601515
L-solo b=200	99	7.02266026	7.13326710
L-solo b=200	100	6.89976978	7.11797562
L-solo b=200	101	7.11283445	7.11650764
L-solo b=200	102	6.87533712	7.11344788
L-solo b=200	103	6.86315250	7.10200512
L-solo b=200	104	7.04881859	7.09143818
L-solo b=200	105	6.94184685	7.07811846
L-solo b=200	106	6.98027229	7.07171019
L-solo b=200	107	6.94538498	7.06330435
L-solo b=200	108	6.92791271	7.05308239
L-solo b=200	109	6.85707283	7.04027205
L-solo b=200	110	7.03877115	7.03586935
L-solo b=200	111	6.81366444	7.02168268
L-solo b=200	112	6.99334240	7.01067295
L-solo b=200	113	6.83138466	6.99574745
L-solo b=200	114	6.82175779	6.98130407
L-solo b=200	115	6.86563587	6.97393332
L-solo b=200	116	6.94356441	6.97068026
L-solo b=200	117	6.80280972	6.94692278
L-solo b=200	118	6.83799314	6.93650620
L-solo b=200	119	6.82855988	6.93209002
L-solo b=200	120	6.98810387	6.93099585
L-solo b=200	121	7.02835846	6.93141182
L-solo b=200	122	6.69592667	6.92101503
L-solo b=200	123	6.90097046	6.91463621
L-solo b=200	124	6.88673019	6.90919901
L-solo b=200	125	6.77020168	6.90401628
L-solo b=200	126	6.94888687	6.89745838
L-solo b=200	127	6.85559034	6.89666851
L-solo b=200	128	6.77306604	6.89306505
L-solo b=200	129	6.80816174	6.88343878
L-solo b=200	130	6.67656708	6.87282759
L-solo b=200	131	6.81025505	6.86602690
L-solo b=200	132	6.80466080	6.86039793
L-solo b=200	133	6.65460920	6.84946579
L-solo b=200	134	6.76020336	6.84559101
L-solo b=200	135	6.83017159	6.83724703
L-solo b=200	136	6.59830093	6.82863249
L-solo b=200	137	6.52558613	6.80992224
L-solo b=200	138	6.96562672	6.81529192
L-solo b=200	139	6.70733786	6.81071512
L-solo b=200	140	6.55858564	6.79843311
L-solo b=200	141	6.50047970	6.78070972
L-solo b=200	142	6.62055206	6.77341942
L-solo b=200	143	6.71399069	6.76845932
L-solo b=200	144	6.67181301	6.76218945
L-solo b=200	145	6.69554615	6.75048714
L-solo b=200	146	6.72933483	6.73852619
L-solo b=200	147	6.65431023	6.73686153
L-solo b=200	148	6.66449642	6.72740257
L-solo b=200	149	6.81383610	6.72448681
L-solo b=200	150	6.68324518	6.72100855
L-solo b=200	151	6.49753761	6.70295458
L-solo b=200	152	6.70575428	6.69696114
L-solo b=200	153	6.65029097	6.69205013
L-solo b=200	154	6.80500555	6.69192389
L-solo b=200	155	6.59689188	6.68873688
L-solo b=200	156	6.68282795	6.68363979
L-solo b=200	157	6.57639456	6.67450914
L-solo b=200	158	6.61968756	6.67311228
L-solo b=200	159	6.37566137	6.65773060
L-solo b=200	160	6.49023581	6.64413317
L-solo b=200	161	6.48898602	6.63976057
L-solo b=200	162	6.72313643	6.64766258
L-solo b=200	163	6.56418896	6.63160507
L-solo b=200	164	6.64909267	6.62927526
L-solo b=200	165	6.72834921	6.63606581
L-solo b=200	166	6.53514528	6.63745243
L-solo b=200	167	6.25666523	6.62289696
L-solo b=200	168	6.57746601	6.61743597
L-solo b=200	169	6.57499218	6.61356314
L-solo b=200	170	6.46212101	6.60422613
L-solo b=200	171	6.72115803	6.60389906
L-solo b=200	172	6.71902657	6.60648771
L-solo b=200	173	6.70557022	6.60813066
L-solo b=200	174	6.53604221	6.59701891
L-solo b=200	175	6.57142591	6.59254614
L-solo b=200	176	6.33339357	6.58598038
L-solo b=200	177	6.59976959	6.58174099
L-solo b=200	178	6.54839659	6.57766521
L-solo b=200	179	6.74287605	6.57518003
L-solo b=200	180	6.72876310	6.58045488
L-solo b=200	181	6.81273460	6.58565115
L-solo b=200	182	6.52617741	6.58364246
L-solo b=200	183	6.42637825	6.57591009
L-solo b=200	184	6.55621958	6.58313242
L-solo b=200	185	6.74841261	6.59345949
L-solo b=200	186	6.50149441	6.59395983
L-solo b=200	187	6.50734615	6.58532822
L-solo b=200	188	6.61010504	6.58716486
L-solo b=200	189	7.16962910	6.60798632
L-solo b=200	190	6.44942188	6.59682922
L-solo b=200	191	6.62058592	6.60024685
L-solo b=200	192	6.65176439	6.61605082
L-solo b=200	193	6.32959557	6.60613600
L-solo b=200	194	6.56697321	6.60581524
L-solo b=200	195	6.49824190	6.60726007
L-solo b=200	196	6.13479042	6.58380537
L-solo b=200	197	6.26996803	6.56584303
L-solo b=200	198	6.45557833	6.55584335
L-solo b=200	199	6.42533398	6.55141502
L-solo b=200	200	6.50830126	6.54889004
L-solo b=200	201	6.62457418	6.56053726
L-solo b=200	202	6.48207188	6.55582935
L-solo b=200	203	6.34187698	6.54756857
L-solo b=200	204	6.57865715	6.54099981
L-solo b=200	205	6.40365744	6.52799559
L-solo b=200	206	6.62066889	6.52031296
L-solo b=200	207	6.47978592	6.51845730
L-solo b=200	208	6.41903734	6.51816366
L-solo b=200	209	6.30966187	6.50830135
L-solo b=200	210	6.31327009	6.49089565
L-solo b=200	211	6.47598457	6.48987526
L-solo b=200	212	6.32342386	6.48251837
L-solo b=200	213	6.58640146	6.48157022
L-solo b=200	214	6.41629934	6.45143703
L-solo b=200	215	6.48698378	6.45293951
L-solo b=200	216	6.81120157	6.46056414
L-solo b=200	217	6.63094902	6.45973152
L-solo b=200	218	6.67997360	6.47374664
L-solo b=200	219	6.54024792	6.47267763
L-solo b=200	220	6.42476559	6.46973858
L-solo b=200	221	6.50884914	6.48470093
L-solo b=200	222	6.25318527	6.48402962
L-solo b=200	223	6.42579889	6.48283844
L-solo b=200	224	6.52937555	6.48700010
L-solo b=200	225	6.23013735	6.47587355
L-solo b=200	226	6.41084433	6.46732435
L-solo b=200	227	6.40468788	6.46422899
L-solo b=200	228	6.45830345	6.46888605
L-solo b=200	229	6.42489958	6.46273575
L-solo b=200	230	6.27210426	6.45747362
L-solo b=200	231	6.42980671	6.44983913
L-solo b=200	232	6.22357607	6.43959074
L-solo b=200	233	6.38160181	6.43809332
L-solo b=200	234	6.22713089	6.43479208
L-solo b=200	235	5.97374535	6.42121109
L-solo b=200	236	6.67390871	6.42912806
L-solo b=200	237	6.33871365	6.42973965
L-solo b=200	238	6.38118219	6.42153088
L-solo b=200	239	6.33465195	6.41826498
L-solo b=200	240	6.32873487	6.41193502
L-solo b=200	241	6.18343449	6.38682434
L-solo b=200	242	6.51394463	6.38214417
L-solo b=200	243	6.37287664	6.36986029
L-solo b=200	244	6.12881279	6.35340288
L-solo b=200	245	6.33656597	6.34987490
L-solo b=200	246	6.33260679	6.34282520
L-solo b=200	247	6.31307411	6.34522076
L-solo b=200	248	6.33541250	6.34160530
L-solo b=200	249	6.18143463	6.32768766
L-solo b=200	250	6.15475273	6.32467228
L-solo b=200	251	6.25413132	6.31840376
L-solo b=200	252	6.08840275	6.30575235
L-solo b=200	253	6.21286678	6.29593489
L-solo b=200	254	6.28793573	6.29045633
L-solo b=200	255	6.39579058	6.29540379
L-solo b=200	256	6.39542198	6.29402840
L-solo b=200	257	6.08412409	6.28845032
L-solo b=200	258	6.49772549	6.29309526
L-solo b=200	259	6.26920557	6.29477825
L-solo b=200	260	6.37478495	6.31081984
L-solo b=200	261	6.29431295	6.29563601
L-solo b=200	262	6.24018908	6.29169502
L-solo b=200	263	6.25246239	6.28654623
L-solo b=200	264	6.25757408	6.28346312
L-solo b=200	265	6.16159344	6.27677746
L-solo b=200	266	6.22039413	6.27825584
L-solo b=200	267	6.57019901	6.28050602
L-solo b=200	268	6.18406010	6.27295336
L-solo b=200	269	6.20494318	6.27599857
L-solo b=200	270	6.22625303	6.27158606
L-solo b=200	271	6.42836189	6.27541626
L-solo b=200	272	6.37176466	6.27776388
L-solo b=200	273	6.03566551	6.26577400
L-solo b=200	274	6.26029634	6.26892847
L-solo b=200	275	6.26709223	6.27342205
L-solo b=200	276	6.29258394	6.27496016
L-solo b=200	277	6.05158043	6.27348726
L-solo b=200	278	6.05712223	6.26725748
L-solo b=200	279	6.20619726	6.26398794
L-solo b=200	280	6.02506638	6.24915897
L-solo b=200	281	6.11009645	6.23774595
L-solo b=200	282	6.12138987	6.23923658
L-solo b=200	283	6.25890160	6.22968363
L-solo b=200	284	6.25788689	6.22923088
L-solo b=200	285	6.24605417	6.22408165
L-solo b=200	286	6.21223831	6.22079866
L-solo b=200	287	6.17663813	6.21825663
L-solo b=200	288	6.27173376	6.21902748
L-solo b=200	289	6.19509268	6.21652822
L-solo b=200	290	6.17450905	6.21704485
L-solo b=200	291	6.15696669	6.21450775
L-solo b=200	292	6.32217026	6.20458660
L-solo b=200	293	6.18707466	6.20470718
L-solo b=200	294	6.52400398	6.21746962
L-solo b=200	295	6.18498325	6.21581882
L-solo b=200	296	6.12875080	6.20383438
L-solo b=200	297	6.19673061	6.19683302
L-solo b=200	298	6.21567392	6.20403336
L-solo b=200	299	5.89527512	6.18943251
L-solo b=200	300	6.18730259	6.18624092
L-solo b=200	301	6.32243919	6.18743513
L-solo b=200	302	5.93144608	6.18262976
L-solo b=200	303	6.28255081	6.19164690
L-solo b=200	304	6.24012423	6.19300398
L-solo b=200	305	6.30894423	6.20435909
L-solo b=200	306	6.03608036	6.20139845
L-solo b=200	307	6.53443718	6.21792034
L-solo b=200	308	6.00063372	6.20758963
L-solo b=200	309	6.23162889	6.20653931
L-solo b=200	310	6.15727997	6.20298834
L-solo b=200	311	6.06230640	6.19699106
L-solo b=200	312	6.08899164	6.19348520
L-solo b=200	313	6.33762264	6.19612076
L-solo b=200	314	6.72921562	6.21748568
L-solo b=200	315	6.17204857	6.21738726
L-solo b=200	316	6.11804104	6.21583023
L-solo b=200	317	6.07161283	6.20580793
L-solo b=200	318	6.08005476	6.20152714
L-solo b=200	319	5.76557684	6.17119005
L-solo b=200	320	5.94469452	6.16157850
L-solo b=200	321	6.04455709	6.15821075
L-solo b=200	322	6.18741608	6.15783817
L-solo b=200	323	5.94213772	6.14689672
L-solo b=200	324	6.17603302	6.15812704
L-solo b=200	325	6.06949806	6.15341486
L-solo b=200	326	6.37983608	6.15571074
L-solo b=200	327	6.04119062	6.16010052
L-solo b=200	328	6.30418348	6.16096582
L-solo b=200	329	6.18817425	6.15888783
L-solo b=200	330	6.12807322	6.15165298
L-solo b=200	331	6.05816507	6.15253637
L-solo b=200	332	6.10423708	6.13532837
L-solo b=200	333	6.08078241	6.13853432
L-solo b=200	334	5.99083614	6.12890261
L-solo b=200	335	6.05445862	6.12478975
L-solo b=200	336	6.22671890	6.13136625
L-solo b=200	337	6.05530548	6.13001881
L-solo b=200	338	6.05931854	6.11888664
L-solo b=200	339	6.15751839	6.09601875
L-solo b=200	340	6.16793633	6.09585426
L-solo b=200	341	5.99840975	6.09106901
L-solo b=200	342	6.09713602	6.09208994
L-solo b=200	343	5.90324306	6.08501747
L-solo b=200	344	5.98294640	6.09371225
L-solo b=200	345	6.12122679	6.10077354
L-solo b=200	346	6.11694098	6.10366890
L-solo b=200	347	6.06442547	6.09874928
L-solo b=200	348	6.12008286	6.10586708
L-solo b=200	349	6.18443203	6.10620304
L-solo b=200	350	6.45139599	6.12147896
L-solo b=200	351	6.14061642	6.11191017
L-solo b=200	352	6.07877207	6.11341343
L-solo b=200	353	6.17650366	6.10830624
L-solo b=200	354	6.26250839	6.11127960
L-solo b=200	355	6.16756964	6.11285946
L-solo b=200	356	6.09701872	6.11441360
L-solo b=200	357	6.01424980	6.11081411
L-solo b=200	358	6.02341270	6.10851933
L-solo b=200	359	6.12726212	6.11397636
L-solo b=200	360	6.15810919	6.11812239
L-solo b=200	361	5.97393703	6.10801111
L-solo b=200	362	5.98999500	6.10539869
L-solo b=200	363	5.93200397	6.10030611
L-solo b=200	364	6.04790020	6.09592138
L-solo b=200	365	6.15804482	6.09552572
L-solo b=200	366	6.09059143	6.09921299
L-solo b=200	367	6.10055447	6.09934973
L-solo b=200	368	6.06808949	6.10594358
L-solo b=200	369	6.09550571	6.11044596
L-solo b=200	370	6.13615513	6.11104309
L-solo b=200	371	6.23800516	6.11588566
L-solo b=200	372	5.96659374	6.11197239
L-solo b=200	373	6.19601393	6.11500963
L-solo b=200	374	6.35998774	6.12203186
L-solo b=200	375	6.15579033	6.11020763
L-solo b=200	376	5.93551588	6.10200361
L-solo b=200	377	5.92736149	6.09594719
L-solo b=200	378	5.74242353	6.07858398
L-solo b=200	379	6.09327412	6.07181461
L-solo b=200	380	6.00148296	6.06517115
L-solo b=200	381	5.96178150	6.05976166
L-solo b=200	382	6.05142593	6.06124870
L-solo b=200	383	6.10741138	6.06460865
L-solo b=200	384	5.81777668	6.05222923
L-solo b=200	385	6.01610804	6.04654919
L-solo b=200	386	6.04434252	6.04936541
L-solo b=200	387	6.15293312	6.05588293
L-solo b=200	388	6.11903095	6.06336401
L-solo b=200	389	6.15880394	6.06780016
L-solo b=200	390	6.01884747	6.06223227
L-solo b=200	391	6.01494074	6.05920624
L-solo b=200	392	6.03439045	6.05655968
L-solo b=200	393	5.92360544	6.05078032
L-solo b=200	394	6.01346493	6.04749868
L-solo b=200	395	6.02591705	6.04308916
L-solo b=200	396	6.10052061	6.03758978
L-solo b=200	397	6.10146666	6.04298470
L-solo b=200	398	6.08851767	6.03868484
L-solo b=200	399	6.49714565	6.04417116
L-solo b=200	400	5.92960644	6.03512381
L-solo b=200	401	6.04772854	6.03961231
L-solo b=200	402	5.94774055	6.04042747
L-solo b=200	403	5.97482634	6.04972359
L-solo b=200	404	6.03513908	6.04739819
L-solo b=200	405	5.79665375	6.03920502
L-solo b=200	406	6.01934385	6.04150751
L-solo b=200	407	6.02246380	6.04034903
L-solo b=200	408	6.12989521	6.04124838
L-solo b=200	409	6.05223274	6.05062662
L-solo b=200	410	6.01047134	6.05040115
L-solo b=200	411	5.97350883	6.04756781
L-solo b=200	412	6.02092791	6.04228760
L-solo b=200	413	5.81592894	6.03016352
L-solo b=200	414	6.07192516	6.02668837
L-solo b=200	415	6.15978718	6.03232595
L-solo b=200	416	6.07670307	6.03479645
L-solo b=200	417	6.02349043	6.03436045
L-solo b=200	418	6.08402824	6.04077736
L-solo b=200	419	6.07934332	6.04341249
L-solo b=200	420	6.01882696	6.04312889
L-solo b=200	421	5.75244713	6.02920595
L-solo b=200	422	6.06993437	6.02794466
L-solo b=200	423	5.74152279	6.01406487
L-solo b=200	424	5.86154556	5.98864086
L-solo b=200	425	6.12992096	5.99665344
L-solo b=200	426	5.95792675	5.99306137
L-solo b=200	427	5.99839067	5.99508738
L-solo b=200	428	6.11396360	6.00065287
L-solo b=200	429	6.12047005	6.00406610
L-solo b=200	430	5.97839308	6.01133568
L-solo b=200	431	5.98428154	6.00993319
L-solo b=200	432	6.05196476	6.01111322
L-solo b=200	433	6.14730263	6.01180952
L-solo b=200	434	6.33715248	6.02320631
L-solo b=200	435	6.22308636	6.03171091
L-solo b=200	436	6.08974218	6.03636024
L-solo b=200	437	5.90719366	6.03181087
L-solo b=200	438	5.95096588	6.03721235
L-solo b=200	439	6.04446411	6.03611391
L-solo b=200	440	5.88739491	6.02521822
L-solo b=200	441	6.04303312	6.02387142
L-solo b=200	442	6.06264925	6.02543777
L-solo b=200	443	5.95150518	6.02013685
L-solo b=200	444	6.04011631	6.01856777
L-solo b=200	445	5.83959007	6.01139830
L-solo b=200	446	5.90603924	6.01754198
L-solo b=200	447	6.04643106	6.01660185
L-solo b=200	448	6.19756842	6.03484367
L-solo b=200	449	5.89888430	6.03633722
L-solo b=200	450	5.88339567	6.02647621
L-solo b=200	451	5.98321056	6.02748756
L-solo b=200	452	6.14680624	6.03342419
L-solo b=200	453	5.94031382	6.02647820
L-solo b=200	454	6.03251076	6.02295982
L-solo b=200	455	6.32580853	6.03685644
L-solo b=200	456	5.75288963	6.02760077
L-solo b=200	457	5.88121748	6.02077087
L-solo b=200	458	5.95997381	6.01327772
L-solo b=200	459	5.96104002	5.99823322
L-solo b=200	460	5.77508163	5.98031303
L-solo b=200	461	6.08874226	5.98027304
L-solo b=200	462	5.84892321	5.97794222
L-solo b=200	463	6.07637072	5.98295841
L-solo b=200	464	6.02812672	5.98230492
L-solo b=200	465	5.94376850	5.98455986
L-solo b=200	466	6.02447701	5.98381762
L-solo b=200	467	5.96760893	5.98001600
L-solo b=200	468	5.92731762	5.97904850
L-solo b=200	469	6.15516853	5.98365059
L-solo b=200	470	5.94141960	5.98772377
L-solo b=200	471	5.90820122	5.98781025
L-solo b=200	472	5.75906658	5.97631567
L-solo b=200	473	6.11889553	5.97316875
L-solo b=200	474	5.87320471	5.97214157
L-solo b=200	475	6.12317562	5.98173277
L-solo b=200	476	5.92620897	5.97945271
L-solo b=200	477	5.76479244	5.96417215
L-solo b=200	478	5.97267056	5.96546642
L-solo b=200	479	6.13656855	5.96962873
L-solo b=200	480	6.03660822	5.95806072
L-solo b=200	481	6.19808245	5.97586843
L-solo b=200	482	5.94628477	5.97847113
L-solo b=200	483	6.10700226	5.98435226
L-solo b=200	484	6.01507568	5.98651369
L-solo b=200	485	5.89121294	5.99115894
L-solo b=200	486	6.07423639	5.99057871
L-solo b=200	487	5.98394585	5.99597961
L-solo b=200	488	6.10463619	5.99711023
L-solo b=200	489	6.07010078	5.99878920
L-solo b=200	490	5.98095322	6.00027658
L-solo b=200	491	5.68158388	5.98656086
L-solo b=200	492	5.97617245	5.98690340
L-solo b=200	493	5.84973478	5.98380009
L-solo b=200	494	6.11676693	5.98226402
L-solo b=200	495	6.02729988	5.98569923
L-solo b=200	496	5.99917221	5.98933807
L-solo b=200	497	5.88397503	5.99433441
L-solo b=200	498	5.87649345	5.98463833
L-solo b=200	499	6.11020994	5.99411854
