step	ce	kd	beta_req	beta	q_topk	p_topk
1	10.90040397644043	0.0001252225920325145	0.001	0.0	0.003525201231241226	0.002906197216361761
2	10.885154724121094	0.00010157447104575112	0.002	0.0	0.0034604959655553102	0.002900677500292659
3	10.868906021118164	6.429216591641307e-05	0.003	0.0	0.0034998871851712465	0.0030938126146793365
4	10.8584566116333	6.388602196238935e-05	0.004	0.0	0.0034505182411521673	0.0030208935495465994
5	10.865013122558594	0.00013917541946284473	0.005000000000000001	0.0	0.0034492062404751778	0.0028300245758146048
6	10.737207412719727	0.00016342791786883026	0.006	0.0	0.003451928496360779	0.002664319472387433
7	10.67963981628418	8.198745490517467e-05	0.007000000000000001	0.0	0.0034739805851131678	0.0030548435170203447
8	10.526540756225586	7.278039265656844e-05	0.008	0.0	0.003586897859349847	0.003345009870827198
9	10.626410484313965	5.5462638556491584e-05	0.009	0.0	0.0035758945159614086	0.0034717966336756945
10	10.442869186401367	3.605052916100249e-05	0.010000000000000002	0.0	0.0037631522864103317	0.0036545973271131516
11	10.31492805480957	2.370231959503144e-05	0.011000000000000001	0.0	0.0038965356070548296	0.003868923056870699
12	10.342751502990723	5.0809521781047806e-05	0.012	0.0	0.00397889781743288	0.003949861042201519
13	10.320952415466309	1.3217715604696423e-05	0.013000000000000001	0.0	0.0042421454563736916	0.004285859875380993
14	10.211859703063965	1.25925744214328e-05	0.014000000000000002	0.0	0.004555221647024155	0.004632855299860239
15	10.10679817199707	3.8561265682801604e-05	0.015	0.0	0.004821097943931818	0.005066311452537775
16	10.272655487060547	1.9179344235453755e-05	0.016	0.0	0.005131979007273912	0.005283924285322428
17	10.170539855957031	5.094886364531703e-05	0.017	0.0	0.0054014031775295734	0.005487184505909681
18	10.02673053741455	3.798985926550813e-05	0.018	0.0	0.005774672143161297	0.005710630677640438
19	9.890840530395508	5.422651156550273e-05	0.019000000000000003	0.0	0.005837795790284872	0.005664872005581856
20	9.800532341003418	3.852288136840798e-05	0.020000000000000004	0.0	0.005844066850841045	0.005911530461162329
21	9.620994567871094	3.936400753445923e-05	0.021	0.0	0.00629625516012311	0.006631751079112291
22	9.551267623901367	3.761523112189025e-05	0.022000000000000002	0.0	0.006848529446870089	0.007326255552470684
23	9.56021499633789	4.629877730621956e-05	0.023000000000000003	0.0	0.00747858639806509	0.008151591755449772
24	9.378327369689941	3.376432505319826e-05	0.024	0.0	0.008189313113689423	0.008713639341294765
25	9.689367294311523	5.9063080698251724e-05	0.025	0.0	0.00886326003819704	0.009613623842597008
26	9.427007675170898	0.0002902024134527892	0.026000000000000002	0.0	0.010501505807042122	0.012607669457793236
27	9.455757141113281	0.00021371463662944734	0.027000000000000003	0.0	0.01282937079668045	0.014636857435107231
28	9.719069480895996	0.00016970465367194265	0.028000000000000004	0.0	0.015070479363203049	0.016967663541436195
29	9.249958992004395	0.0001713175734039396	0.028999999999999998	0.0	0.01725075952708721	0.019322967156767845
30	9.234964370727539	9.572222188580781e-05	0.03	0.0	0.01971517503261566	0.021156689152121544
31	9.07663631439209	0.00039415888022631407	0.031	0.0	0.02238423191010952	0.026468871161341667
32	8.949270248413086	0.0004283332673367113	0.032	0.0	0.026217222213745117	0.030897393822669983
33	9.975257873535156	0.00047145274584181607	0.033	0.0	0.03069598786532879	0.035928137600421906
34	8.843770980834961	0.00027138751465827227	0.034	0.0	0.036333903670310974	0.040416184812784195
35	8.731237411499023	0.000584455905482173	0.034999999999999996	0.0	0.04091275855898857	0.04743638262152672
36	8.834321975708008	0.0008000934612937272	0.036	0.0	0.04823920875787735	0.056711167097091675
37	8.252412796020508	0.0008665253408253193	0.037	0.037	0.05712459608912468	0.06479257345199585
38	8.627304077148438	0.001196008757688105	0.038000000000000006	0.038000000000000006	0.0662420243024826	0.07812801003456116
39	8.306350708007812	0.0012291076127439737	0.03900000000000001	0.03900000000000001	0.07931048423051834	0.09233392030000687
40	8.34994888305664	0.0016303879674524069	0.04000000000000001	0.04000000000000001	0.09447084367275238	0.10935292392969131
41	8.455476760864258	0.0020911518950015306	0.041	0.041	0.11152984201908112	0.12797106802463531
42	7.801148414611816	0.002197404857724905	0.042	0.042	0.1322212517261505	0.15386569499969482
43	7.879973411560059	0.0023320941254496574	0.043000000000000003	0.043000000000000003	0.15355440974235535	0.17351792752742767
44	7.948248863220215	0.0026850781869143248	0.044000000000000004	0.044000000000000004	0.17514756321907043	0.1939033716917038
45	7.900066375732422	0.002665685722604394	0.045000000000000005	0.045000000000000005	0.19545136392116547	0.2094447910785675
46	8.336408615112305	0.0032944739796221256	0.046000000000000006	0.046000000000000006	0.22137142717838287	0.24334344267845154
47	8.287284851074219	0.0012601056369021535	0.047	0.047	0.24504007399082184	0.2592516541481018
48	7.446328163146973	0.001862717093899846	0.048	0.048	0.26339638233184814	0.27293986082077026
49	7.640734672546387	0.004159961361438036	0.049	0.049	0.28200414776802063	0.3129752278327942
50	7.645733833312988	0.005975681822746992	0.05	0.05	0.3186892867088318	0.36114364862442017
51	7.962113857269287	0.004449938889592886	0.051000000000000004	0.051000000000000004	0.35389262437820435	0.3820026218891144
52	8.314990043640137	0.0028129429556429386	0.052000000000000005	0.052000000000000005	0.3858162760734558	0.39783430099487305
53	7.575342178344727	0.004089635796844959	0.053000000000000005	0.053000000000000005	0.3889988958835602	0.3822810649871826
54	8.452245712280273	0.007068255450576544	0.054000000000000006	0.054000000000000006	0.367350697517395	0.38263943791389465
55	7.601937770843506	0.007527701091021299	0.05500000000000001	0.05500000000000001	0.38315579295158386	0.3796811103820801
56	8.319811820983887	0.00804001186043024	0.05600000000000001	0.05600000000000001	0.4000367820262909	0.404906690120697
57	7.925731182098389	0.012941786088049412	0.056999999999999995	0.056999999999999995	0.41157373785972595	0.37965214252471924
58	8.008808135986328	0.010676183737814426	0.057999999999999996	0.057999999999999996	0.3931193947792053	0.3700313866138458
59	7.929315090179443	0.014944661408662796	0.059	0.059	0.37487924098968506	0.3499656021595001
60	7.448596000671387	0.025997480377554893	0.06	0.06	0.3482644557952881	0.38111039996147156
61	7.5483317375183105	0.053365860134363174	0.061	0.061	0.3502529263496399	0.416460782289505
62	7.3336358070373535	0.0059595596976578236	0.062	0.062	0.4206213057041168	0.41229549050331116
63	7.456171989440918	0.007460668217390776	0.063	0.063	0.4181705117225647	0.43001484870910645
64	7.537317276000977	0.00791049562394619	0.064	0.064	0.42690348625183105	0.42363229393959045
65	7.481606483459473	0.008550926111638546	0.065	0.065	0.39795175194740295	0.3940819501876831
66	7.554600715637207	0.013842339627444744	0.066	0.066	0.3862300515174866	0.4358476400375366
67	7.725831985473633	0.009340215474367142	0.067	0.067	0.4112148582935333	0.4370345175266266
68	7.726449012756348	0.012045926414430141	0.068	0.068	0.4214154779911041	0.44775110483169556
69	7.484785079956055	0.008768435567617416	0.06899999999999999	0.06899999999999999	0.43482521176338196	0.42241841554641724
70	8.259886741638184	0.014032882638275623	0.06999999999999999	0.06999999999999999	0.41232508420944214	0.40816396474838257
71	7.380041122436523	0.012210926041007042	0.071	0.071	0.40037909150123596	0.3722808063030243
72	7.128559589385986	0.022924773395061493	0.072	0.072	0.40251776576042175	0.4102242887020111
73	7.935011386871338	0.020515846088528633	0.073	0.073	0.3972906768321991	0.4424392580986023
74	7.628500938415527	0.008573736064136028	0.074	0.074	0.4256298840045929	0.42262133955955505
75	7.26758337020874	0.005321389064192772	0.07500000000000001	0.07500000000000001	0.4083198010921478	0.40215522050857544
76	7.775719165802002	0.007477693725377321	0.07600000000000001	0.07600000000000001	0.40107056498527527	0.39825597405433655
77	7.23490047454834	0.008278114721179008	0.07700000000000001	0.07700000000000001	0.39212897419929504	0.41461506485939026
78	7.371828556060791	0.013154514133930206	0.07800000000000001	0.07800000000000001	0.40116724371910095	0.44271722435951233
79	7.567967414855957	0.01194977667182684	0.07900000000000001	0.07900000000000001	0.42324331402778625	0.42854079604148865
80	8.134105682373047	0.01297996286302805	0.08000000000000002	0.08000000000000002	0.43895217776298523	0.45260748267173767
81	8.247441291809082	0.019587699323892593	0.08100000000000002	0.08100000000000002	0.4077034890651703	0.3740066885948181
82	8.305429458618164	0.008923187851905823	0.082	0.082	0.4157000482082367	0.38463857769966125
83	8.215259552001953	0.018267113715410233	0.083	0.083	0.3581750690937042	0.3235540986061096
84	7.483723163604736	0.027822982519865036	0.084	0.084	0.3649841547012329	0.38877013325691223
85	7.091798782348633	0.007263833656907082	0.085	0.085	0.3973095715045929	0.4131971299648285
86	8.819233894348145	0.008213340304791927	0.08600000000000001	0.08600000000000001	0.4271562397480011	0.43766656517982483
87	7.140604019165039	0.010823315009474754	0.08700000000000001	0.08700000000000001	0.4137723743915558	0.36998337507247925
88	7.481982231140137	0.008328281342983246	0.08800000000000001	0.08800000000000001	0.3825279176235199	0.39909887313842773
89	8.182886123657227	0.013785435818135738	0.08900000000000001	0.08900000000000001	0.3822295665740967	0.4123997390270233
90	8.04951286315918	0.007108964025974274	0.09000000000000001	0.09000000000000001	0.4138653874397278	0.4070281386375427
91	7.775154113769531	0.009381670504808426	0.09100000000000001	0.09100000000000001	0.38932013511657715	0.357373982667923
92	7.558393478393555	0.014023177325725555	0.09200000000000001	0.09200000000000001	0.35461196303367615	0.370660662651062
93	7.932114124298096	0.02257116138935089	0.09300000000000001	0.09300000000000001	0.36216285824775696	0.4205288589000702
94	8.059489250183105	0.01405398454517126	0.094	0.094	0.41368818283081055	0.4192121624946594
95	7.715925216674805	0.017412230372428894	0.095	0.095	0.4158092737197876	0.374431848526001
96	7.590871334075928	0.012973935343325138	0.096	0.096	0.3693825602531433	0.39258724451065063
97	7.953641891479492	0.012962293811142445	0.097	0.097	0.3755722641944885	0.3816181421279907
98	8.016834259033203	0.006197657436132431	0.098	0.098	0.4114631116390228	0.4088546633720398
99	7.681140899658203	0.007205851376056671	0.099	0.099	0.4054119884967804	0.3932330012321472
100	7.584604263305664	0.004956440068781376	0.1	0.1	0.4133833050727844	0.40981653332710266
101	7.4119720458984375	0.007788124959915876	0.1	0.1	0.38956040143966675	0.39756160974502563
102	7.908886432647705	0.014704159460961819	0.1	0.1	0.39522719383239746	0.37216344475746155
103	8.596319198608398	0.06919457018375397	0.1	0.1	0.4169638752937317	0.350829154253006
104	8.16482925415039	0.01076115295290947	0.1	0.1	0.36805829405784607	0.33479130268096924
105	7.718461990356445	0.020602991804480553	0.1	0.1	0.34465357661247253	0.34580525755882263
106	7.910195827484131	0.030407484620809555	0.1	0.1	0.35034874081611633	0.37380701303482056
107	7.452193737030029	0.007793750148266554	0.1	0.1	0.39485833048820496	0.3978085517883301
108	7.736361503601074	0.008682197891175747	0.1	0.1	0.37531912326812744	0.3840775191783905
109	7.532203674316406	0.007120657712221146	0.1	0.1	0.38072776794433594	0.3949594795703888
110	7.192643165588379	0.011715107597410679	0.1	0.1	0.3942781090736389	0.39582952857017517
111	7.941327095031738	0.023037709295749664	0.1	0.1	0.35137471556663513	0.3901776373386383
112	7.619126319885254	0.021138297393918037	0.1	0.1	0.42685848474502563	0.4711168110370636
113	7.732065200805664	0.014254209585487843	0.1	0.1	0.4632425010204315	0.45669278502464294
114	7.784330368041992	0.011998805217444897	0.1	0.1	0.4361688196659088	0.43190133571624756
115	7.740119934082031	0.021395066753029823	0.1	0.1	0.40870556235313416	0.3490449786186218
116	7.367989540100098	0.01689975894987583	0.1	0.1	0.3901568055152893	0.4053265452384949
117	7.4915971755981445	0.011841686442494392	0.1	0.1	0.4082821309566498	0.41942498087882996
118	7.736495494842529	0.014123608358204365	0.1	0.1	0.430263876914978	0.4641903340816498
119	7.937233924865723	0.00849930103868246	0.1	0.1	0.4557291567325592	0.43174996972084045
120	7.84389591217041	0.010468589141964912	0.1	0.1	0.40925320982933044	0.37350282073020935
121	7.878249168395996	0.010492010042071342	0.1	0.1	0.3826857805252075	0.36260706186294556
122	7.462520599365234	0.007413049694150686	0.1	0.1	0.3709489703178406	0.360661119222641
123	7.531646728515625	0.009338593110442162	0.1	0.1	0.36156347393989563	0.3287392854690552
124	7.588400840759277	0.007896625436842442	0.1	0.1	0.3368130028247833	0.34358158707618713
125	7.4803009033203125	0.0622980110347271	0.1	0.1	0.33423879742622375	0.43548256158828735
126	7.907756805419922	0.05027727782726288	0.1	0.1	0.35718095302581787	0.3773658275604248
127	7.784160614013672	0.03181672468781471	0.1	0.1	0.3970862627029419	0.33087611198425293
128	8.041524887084961	0.007721672300249338	0.1	0.1	0.34910401701927185	0.3845478594303131
129	8.105849266052246	0.012859106063842773	0.1	0.1	0.39351847767829895	0.417156457901001
130	7.91426944732666	0.01067686639726162	0.1	0.1	0.39895352721214294	0.3542420566082001
131	7.417983531951904	0.011862287297844887	0.1	0.1	0.34948843717575073	0.3741109073162079
132	8.071993827819824	0.004358689766377211	0.1	0.1	0.37835851311683655	0.37034985423088074
133	8.047203063964844	0.0069599878042936325	0.1	0.1	0.4176032245159149	0.38752853870391846
134	7.8527021408081055	0.01014168094843626	0.1	0.1	0.374966025352478	0.3295579254627228
135	7.478872776031494	0.005356962792575359	0.1	0.1	0.34735605120658875	0.34772244095802307
136	8.173341751098633	0.0041338661685585976	0.1	0.1	0.3689849376678467	0.3675583600997925
137	7.325517654418945	0.010535183362662792	0.1	0.1	0.3375313878059387	0.32289719581604004
138	7.63504695892334	0.012939359992742538	0.1	0.1	0.3060780465602875	0.3619332015514374
139	7.511786460876465	0.023341011255979538	0.1	0.1	0.3475942313671112	0.42237502336502075
140	7.6826395988464355	0.011567827314138412	0.1	0.1	0.4068005383014679	0.4550971984863281
141	7.171201229095459	0.007641996722668409	0.1	0.1	0.4484378397464752	0.4448919892311096
142	6.889937400817871	0.00744226248934865	0.1	0.1	0.44381052255630493	0.4346591532230377
143	7.764964580535889	0.010728852823376656	0.1	0.1	0.41398608684539795	0.43070879578590393
144	7.554937362670898	0.01861456409096718	0.1	0.1	0.4318106174468994	0.40866488218307495
145	7.895281791687012	0.03835519030690193	0.1	0.1	0.4026232659816742	0.4346366226673126
146	6.979681015014648	0.0058703175745904446	0.1	0.1	0.40008944272994995	0.3950614035129547
147	7.538952827453613	0.013237451203167439	0.1	0.1	0.3824829161167145	0.3928363025188446
148	7.719230651855469	0.02126476913690567	0.1	0.1	0.39099881052970886	0.4122687578201294
149	7.686728000640869	0.00542152626439929	0.1	0.1	0.4034189283847809	0.39715975522994995
150	7.710226058959961	0.00910273939371109	0.1	0.1	0.40825319290161133	0.41437965631484985
151	7.58658504486084	0.007325903978198767	0.1	0.1	0.43825313448905945	0.43403884768486023
152	8.371831893920898	0.017613474279642105	0.1	0.1	0.41847848892211914	0.40989795327186584
153	7.42543888092041	0.010232508182525635	0.1	0.1	0.39557570219039917	0.3730944097042084
154	8.343976974487305	0.0041304887272417545	0.1	0.1	0.3740783929824829	0.37881767749786377
155	8.333172798156738	0.010851142928004265	0.1	0.1	0.35700279474258423	0.31863105297088623
156	7.975959777832031	0.01909596659243107	0.1	0.1	0.33505943417549133	0.3303716778755188
157	8.163238525390625	0.00939221028238535	0.1	0.1	0.35325729846954346	0.31857287883758545
158	7.9711503982543945	0.005607859697192907	0.1	0.1	0.34058496356010437	0.32235872745513916
159	7.483311653137207	0.004082482308149338	0.1	0.1	0.3425033688545227	0.35036492347717285
160	7.887640953063965	0.00972193107008934	0.1	0.1	0.3759741485118866	0.40770673751831055
161	7.114981174468994	0.006396899931132793	0.1	0.1	0.38908275961875916	0.409358412027359
162	6.831880569458008	0.006654283497482538	0.1	0.1	0.3688502907752991	0.39227503538131714
163	7.797818183898926	0.008838390931487083	0.1	0.1	0.4231439530849457	0.4597931504249573
164	7.784003257751465	0.008012576960027218	0.1	0.1	0.46971529722213745	0.4591881334781647
165	7.104355812072754	0.022378340363502502	0.1	0.1	0.4495711922645569	0.4153707027435303
166	7.691764831542969	0.004765988327562809	0.1	0.1	0.3953968286514282	0.38382992148399353
167	8.193938255310059	0.004262623842805624	0.1	0.1	0.4101428687572479	0.41746196150779724
168	7.724790573120117	0.005353105720132589	0.1	0.1	0.4267035722732544	0.419130802154541
169	8.265472412109375	0.012930365279316902	0.1	0.1	0.4153177738189697	0.41933387517929077
170	7.055726528167725	0.01092234905809164	0.1	0.1	0.38217973709106445	0.3579139709472656
171	7.202571392059326	0.007447787560522556	0.1	0.1	0.3710639476776123	0.39793291687965393
172	7.450462341308594	0.015444772318005562	0.1	0.1	0.3959310054779053	0.40778112411499023
173	7.293177127838135	0.0073590935207903385	0.1	0.1	0.41256269812583923	0.44366776943206787
174	7.409667015075684	0.007368867285549641	0.1	0.1	0.46872860193252563	0.4908980131149292
175	7.419271945953369	0.005894751753658056	0.1	0.1	0.4871382415294647	0.4820484519004822
176	8.03166389465332	0.0066011520102620125	0.1	0.1	0.4271737337112427	0.4188738167285919
177	8.089912414550781	0.0071156220510602	0.1	0.1	0.4334877133369446	0.40973252058029175
178	7.515751838684082	0.04970042034983635	0.1	0.1	0.42124685645103455	0.3975718319416046
179	6.884554386138916	0.008729024790227413	0.1	0.1	0.40604960918426514	0.38968637585639954
180	8.067017555236816	0.016329564154148102	0.1	0.1	0.37350699305534363	0.3912436068058014
181	7.546605110168457	0.006530199199914932	0.1	0.1	0.35300639271736145	0.3421734869480133
182	8.070961952209473	0.01226538885384798	0.1	0.1	0.43969854712486267	0.4367724061012268
183	7.503220558166504	0.011326679959893227	0.1	0.1	0.42296287417411804	0.3833498954772949
184	7.708069801330566	0.003895761910825968	0.1	0.1	0.3811424970626831	0.3752394914627075
185	7.772869110107422	0.007482667453587055	0.1	0.1	0.40551650524139404	0.384786456823349
186	8.851066589355469	0.011358282528817654	0.1	0.1	0.36958301067352295	0.3844176232814789
187	7.96710205078125	0.007814748212695122	0.1	0.1	0.39277443289756775	0.3512797951698303
188	7.469023704528809	0.007648029364645481	0.1	0.1	0.37703993916511536	0.3530108630657196
189	7.623197555541992	0.004886451177299023	0.1	0.1	0.39729973673820496	0.3821558952331543
190	7.70454216003418	0.007694612257182598	0.1	0.1	0.37847113609313965	0.39064785838127136
191	7.331830978393555	0.005377400200814009	0.1	0.1	0.4251951575279236	0.42527666687965393
192	7.460348129272461	0.012487461790442467	0.1	0.1	0.43146345019340515	0.4607228636741638
193	7.495249271392822	0.012170787900686264	0.1	0.1	0.4383561313152313	0.45007461309432983
194	7.147407054901123	0.007956565357744694	0.1	0.1	0.4306282103061676	0.42844852805137634
195	7.092519760131836	0.004578676540404558	0.1	0.1	0.40744927525520325	0.4107741713523865
196	7.090795993804932	0.00962914526462555	0.1	0.1	0.46104371547698975	0.4761890470981598
197	6.996155261993408	0.010318228043615818	0.1	0.1	0.46483778953552246	0.483959436416626
198	7.239748954772949	0.008118652738630772	0.1	0.1	0.5164079070091248	0.5283244252204895
199	7.3640217781066895	0.008637608028948307	0.1	0.1	0.5434679388999939	0.5034563541412354
200	6.37109375	0.009948109276592731	0.1	0.1	0.4735507369041443	0.42837464809417725
201	7.017505645751953	0.006723185535520315	0.1	0.1	0.47845280170440674	0.46681296825408936
202	6.719212055206299	0.04264288395643234	0.1	0.1	0.4644126892089844	0.3817468285560608
203	6.938510894775391	0.00836870912462473	0.1	0.1	0.4932387173175812	0.5227338075637817
204	6.795666694641113	0.011524690315127373	0.1	0.1	0.4816999137401581	0.44169119000434875
205	6.889820098876953	0.012600313872098923	0.1	0.1	0.45183151960372925	0.44891226291656494
206	6.996509075164795	0.0220804363489151	0.1	0.1	0.4459087550640106	0.4224645793437958
207	7.3506598472595215	0.012207639403641224	0.1	0.1	0.4962081015110016	0.5397905707359314
208	6.3074541091918945	0.021236855536699295	0.1	0.1	0.5346956253051758	0.5043211579322815
209	7.16940975189209	0.007115047425031662	0.1	0.1	0.5188090801239014	0.5154627561569214
210	6.895349502563477	0.013893303461372852	0.1	0.1	0.5283812284469604	0.4736303389072418
211	6.126279830932617	0.0041161105036735535	0.1	0.1	0.4719252586364746	0.4675402045249939
212	6.987822532653809	0.012842333875596523	0.1	0.1	0.44619637727737427	0.48036250472068787
213	6.933940887451172	0.00813776534050703	0.1	0.1	0.5289016962051392	0.5027587413787842
214	7.748908519744873	0.01353908609598875	0.1	0.1	0.5002490282058716	0.44853562116622925
215	7.441539764404297	0.021293841302394867	0.1	0.1	0.4957543611526489	0.42956870794296265
216	7.152563095092773	0.01665617898106575	0.1	0.1	0.4962143003940582	0.4897094666957855
217	6.98704195022583	0.008362160995602608	0.1	0.1	0.48859933018684387	0.4950445294380188
218	7.174072265625	0.005893474444746971	0.1	0.1	0.5164632201194763	0.5100238919258118
219	7.443882942199707	0.007789331022650003	0.1	0.1	0.5237016081809998	0.49636662006378174
220	7.3529510498046875	0.008775991387665272	0.1	0.1	0.45986127853393555	0.4330817461013794
221	7.071137428283691	0.015405748039484024	0.1	0.1	0.4325316846370697	0.4345181882381439
222	7.151023864746094	0.0064020222052931786	0.1	0.1	0.4385843575000763	0.44994571805000305
223	7.485098838806152	0.004845563322305679	0.1	0.1	0.43119871616363525	0.4320943355560303
224	7.400774002075195	0.0031263730488717556	0.1	0.1	0.41473388671875	0.4166722595691681
225	6.842011451721191	0.007012664340436459	0.1	0.1	0.46197745203971863	0.45885369181632996
226	7.679295539855957	0.006477270275354385	0.1	0.1	0.442093163728714	0.4504019021987915
227	7.28132963180542	0.007492224220186472	0.1	0.1	0.4234980642795563	0.4155532121658325
228	6.882517337799072	0.00829800684005022	0.1	0.1	0.46866855025291443	0.473723828792572
229	7.402385711669922	0.013047555461525917	0.1	0.1	0.4332539439201355	0.4356430768966675
230	7.473545074462891	0.006276378408074379	0.1	0.1	0.38599640130996704	0.39336511492729187
231	7.516262531280518	0.00663292920216918	0.1	0.1	0.3995647132396698	0.42051687836647034
232	7.445947647094727	0.009073661640286446	0.1	0.1	0.43161070346832275	0.45895150303840637
233	8.406980514526367	0.004823401104658842	0.1	0.1	0.4177189767360687	0.42301803827285767
234	7.8561906814575195	0.004837401211261749	0.1	0.1	0.41870802640914917	0.39230769872665405
235	7.537267684936523	0.009601853787899017	0.1	0.1	0.38454651832580566	0.35078996419906616
236	7.386784553527832	0.004292889963835478	0.1	0.1	0.378977507352829	0.3837563693523407
237	7.267343997955322	0.0038918876089155674	0.1	0.1	0.3398537337779999	0.35504910349845886
238	7.777076721191406	0.007327481638640165	0.1	0.1	0.415324330329895	0.44446393847465515
239	7.756373405456543	0.0047424049116671085	0.1	0.1	0.4390479326248169	0.4209878742694855
240	7.050539493560791	0.0049870749935507774	0.1	0.1	0.4021550714969635	0.3840100169181824
241	7.010693550109863	0.011839037761092186	0.1	0.1	0.3906954824924469	0.40413230657577515
242	7.534505844116211	0.010272596031427383	0.1	0.1	0.4115164577960968	0.45231983065605164
243	7.317983627319336	0.008934726938605309	0.1	0.1	0.4588298201560974	0.4614899158477783
244	7.175004482269287	0.005235597025603056	0.1	0.1	0.43484941124916077	0.4243740141391754
245	8.134471893310547	0.005185636226087809	0.1	0.1	0.43377387523651123	0.4343750476837158
246	7.278474807739258	0.00782641489058733	0.1	0.1	0.4103824198246002	0.376954585313797
247	7.575039863586426	0.0024985503405332565	0.1	0.1	0.35790693759918213	0.3685583174228668
248	6.566161155700684	0.006191913038492203	0.1	0.1	0.37849196791648865	0.4069005250930786
249	7.350659370422363	0.008855154737830162	0.1	0.1	0.3969385623931885	0.43902596831321716
250	7.184395790100098	0.004096692893654108	0.1	0.1	0.40106400847435	0.41160279512405396
251	6.951861381530762	0.0076042222790420055	0.1	0.1	0.43232622742652893	0.4376008212566376
252	7.2234296798706055	0.00655510276556015	0.1	0.1	0.4235129654407501	0.40868499875068665
253	7.941173076629639	0.0029924502596259117	0.1	0.1	0.39593759179115295	0.4017563462257385
254	8.459060668945312	0.004240182228386402	0.1	0.1	0.41312167048454285	0.4084596335887909
255	7.0454535484313965	0.0038249241188168526	0.1	0.1	0.4922603964805603	0.4865244925022125
256	7.28876256942749	0.0023655034601688385	0.1	0.1	0.4305616319179535	0.42559581995010376
257	6.261051177978516	0.003582525532692671	0.1	0.1	0.4535306990146637	0.4572902321815491
258	7.005210876464844	0.004209327511489391	0.1	0.1	0.40109699964523315	0.4204693138599396
259	6.945260047912598	0.0074105290696024895	0.1	0.1	0.40663161873817444	0.42969202995300293
260	6.96671199798584	0.00998073723167181	0.1	0.1	0.4153364300727844	0.44629794359207153
261	6.665295600891113	0.0065392921678721905	0.1	0.1	0.4638000428676605	0.4812181890010834
262	6.846733093261719	0.006594815757125616	0.1	0.1	0.47053661942481995	0.4957183301448822
263	7.0788702964782715	0.0045479373075068	0.1	0.1	0.5154772996902466	0.5304976105690002
264	7.238722801208496	0.007763871923089027	0.1	0.1	0.44006335735321045	0.41679996252059937
265	7.701526641845703	0.015393748879432678	0.1	0.1	0.3821927607059479	0.4135601818561554
266	7.11350679397583	0.00914747640490532	0.1	0.1	0.45623579621315	0.46057945489883423
267	7.308399200439453	0.010851682163774967	0.1	0.1	0.44294410943984985	0.47269687056541443
268	6.956675052642822	0.004698354750871658	0.1	0.1	0.4590308964252472	0.4570390284061432
269	6.650230407714844	0.010195906274020672	0.1	0.1	0.46857500076293945	0.4549507796764374
270	6.9550065994262695	0.007160097826272249	0.1	0.1	0.46654993295669556	0.489469975233078
271	7.219463348388672	0.0046508158557116985	0.1	0.1	0.4801696240901947	0.4856491982936859
272	6.7924957275390625	0.013068369589745998	0.1	0.1	0.47617313265800476	0.4649616479873657
273	7.922516345977783	0.0045665958896279335	0.1	0.1	0.407787561416626	0.4316149950027466
274	7.3590407371521	0.004714109934866428	0.1	0.1	0.4339236915111542	0.4223262369632721
275	7.663978576660156	0.0037863333709537983	0.1	0.1	0.3936682641506195	0.3881396949291229
276	6.853261947631836	0.002863530535250902	0.1	0.1	0.4136195778846741	0.4191429615020752
277	6.957226276397705	0.007784091401845217	0.1	0.1	0.4186229407787323	0.45854586362838745
278	6.787217140197754	0.006213207263499498	0.1	0.1	0.40267181396484375	0.43611836433410645
279	6.88871955871582	0.007043094839900732	0.1	0.1	0.4366401135921478	0.4609551429748535
280	7.858272552490234	0.008734545670449734	0.1	0.1	0.4625273644924164	0.5123497247695923
281	8.806366920471191	0.0039634318090975285	0.1	0.1	0.38423192501068115	0.3887900710105896
282	7.724361419677734	0.004654075019061565	0.1	0.1	0.4129210114479065	0.4138202667236328
283	7.469270706176758	0.0047282082960009575	0.1	0.1	0.4637989401817322	0.4724558889865875
284	7.657727241516113	0.002053316682577133	0.1	0.1	0.4212602972984314	0.4245174527168274
285	7.738035678863525	0.007108929567039013	0.1	0.1	0.45308735966682434	0.4782019257545471
286	7.294053077697754	0.003155292011797428	0.1	0.1	0.3971620202064514	0.40883341431617737
287	7.073131561279297	0.0025239696260541677	0.1	0.1	0.4232270121574402	0.4217817485332489
288	7.3896589279174805	0.020682318136096	0.1	0.1	0.4074382483959198	0.4259072542190552
289	6.600614547729492	0.0030721058137714863	0.1	0.1	0.4580881595611572	0.4718250036239624
290	6.911394119262695	0.004305820446461439	0.1	0.1	0.47081178426742554	0.46618160605430603
291	6.560911655426025	0.013619394972920418	0.1	0.1	0.4643920958042145	0.4865178167819977
292	6.959139823913574	0.005685359239578247	0.1	0.1	0.45254653692245483	0.4731276333332062
293	6.969532489776611	0.005872793961316347	0.1	0.1	0.4548151195049286	0.47732555866241455
294	6.889248847961426	0.004018831066787243	0.1	0.1	0.49113741517066956	0.4974762499332428
295	6.922996520996094	0.003358665155246854	0.1	0.1	0.43917444348335266	0.4443991482257843
296	7.411617279052734	0.004497176967561245	0.1	0.1	0.47491878271102905	0.4899041950702667
297	6.6858978271484375	0.006670186296105385	0.1	0.1	0.4516223073005676	0.4455931484699249
298	8.06369686126709	0.002292280551046133	0.1	0.1	0.3772403299808502	0.3664017915725708
299	8.013450622558594	0.004806129261851311	0.1	0.1	0.3582875728607178	0.338844358921051
300	7.587756633758545	0.0038670101203024387	0.1	0.1	0.3555624783039093	0.35189157724380493
301	8.20772933959961	0.004718433134257793	0.1	0.1	0.2675010859966278	0.28769561648368835
302	7.986446857452393	0.003545853542163968	0.1	0.1	0.24156388640403748	0.2649102807044983
303	7.191558837890625	0.004787591751664877	0.1	0.1	0.3910647928714752	0.3958970308303833
304	6.713998794555664	0.008596437983214855	0.1	0.1	0.43620628118515015	0.46070435643196106
305	8.165806770324707	0.006809164769947529	0.1	0.1	0.38807520270347595	0.4245454668998718
306	7.920369625091553	0.004790522623807192	0.1	0.1	0.4005735218524933	0.3802741467952728
307	7.41987419128418	0.005186136811971664	0.1	0.1	0.40560272336006165	0.3908843398094177
308	7.663005352020264	0.0031892370898276567	0.1	0.1	0.42553406953811646	0.41700154542922974
309	7.495926856994629	0.0036831474862992764	0.1	0.1	0.3757595419883728	0.3725275993347168
310	6.968778610229492	0.0016030058031901717	0.1	0.1	0.4563949704170227	0.45918285846710205
311	7.740167140960693	0.0028177639469504356	0.1	0.1	0.37038058042526245	0.3901718258857727
312	7.476596832275391	0.0031564070377498865	0.1	0.1	0.31209030747413635	0.3000585734844208
313	7.999424934387207	0.004202274605631828	0.1	0.1	0.3677234351634979	0.39233726263046265
314	7.978086471557617	0.002673555165529251	0.1	0.1	0.44877031445503235	0.43274590373039246
315	7.5995683670043945	0.006516668945550919	0.1	0.1	0.40041881799697876	0.3654065430164337
316	8.035154342651367	0.008455730974674225	0.1	0.1	0.31512248516082764	0.27461007237434387
317	7.833276271820068	0.002444557147100568	0.1	0.1	0.2628127634525299	0.2763008773326874
318	7.497137546539307	0.006041089538484812	0.1	0.1	0.3249596357345581	0.3599424958229065
319	7.381938457489014	0.004688979126513004	0.1	0.1	0.38131555914878845	0.41154175996780396
320	7.635190963745117	0.004828756209462881	0.1	0.1	0.4204360842704773	0.43479791283607483
321	7.256250381469727	0.004519608803093433	0.1	0.1	0.42454710602760315	0.4255388677120209
322	7.326929092407227	0.015428140759468079	0.1	0.1	0.44876134395599365	0.4635752737522125
323	6.995978832244873	0.004847062285989523	0.1	0.1	0.5041320323944092	0.503893256187439
324	6.994908332824707	0.003691809019073844	0.1	0.1	0.4576149582862854	0.44217202067375183
325	7.15421199798584	0.005629050079733133	0.1	0.1	0.4860592484474182	0.46585509181022644
326	7.670429229736328	0.005544431507587433	0.1	0.1	0.4669933021068573	0.4654342234134674
327	7.684464454650879	0.006437869276851416	0.1	0.1	0.44607001543045044	0.41871321201324463
328	6.942180633544922	0.004214532673358917	0.1	0.1	0.4121765196323395	0.390106201171875
329	6.784331321716309	0.001979969209060073	0.1	0.1	0.42170587182044983	0.42143315076828003
330	7.372733116149902	0.002186090685427189	0.1	0.1	0.4089662432670593	0.4124458432197571
331	6.721330642700195	0.0018534433329477906	0.1	0.1	0.4286594092845917	0.42805221676826477
332	6.842220306396484	0.002372410614043474	0.1	0.1	0.41551414132118225	0.4234980046749115
333	7.197514533996582	0.0030851904302835464	0.1	0.1	0.43184423446655273	0.4434851408004761
334	6.834589958190918	0.003697724547237158	0.1	0.1	0.4960484504699707	0.49904197454452515
335	6.436807632446289	0.002606055000796914	0.1	0.1	0.44929245114326477	0.4533230662345886
336	6.554072380065918	0.003997053951025009	0.1	0.1	0.48914584517478943	0.5137280821800232
337	7.726146697998047	0.005109001882374287	0.1	0.1	0.4036690592765808	0.4343676269054413
338	7.314573287963867	0.003149088704958558	0.1	0.1	0.4393112063407898	0.43719446659088135
339	7.588982582092285	0.0020916960202157497	0.1	0.1	0.4269309639930725	0.41728106141090393
340	7.146525859832764	0.004378799349069595	0.1	0.1	0.42896008491516113	0.41545751690864563
341	7.441128730773926	0.0022542320657521486	0.1	0.1	0.41334715485572815	0.41043737530708313
342	8.266883850097656	0.004861621651798487	0.1	0.1	0.3763120174407959	0.3617051839828491
343	6.330967426300049	0.001993027748540044	0.1	0.1	0.43263837695121765	0.43144020438194275
344	6.387446403503418	0.004500317387282848	0.1	0.1	0.43145427107810974	0.4513636529445648
345	6.704919815063477	0.0044975909404456615	0.1	0.1	0.4223056435585022	0.44271790981292725
346	7.025096893310547	0.004019091371446848	0.1	0.1	0.45227327942848206	0.4639773964881897
347	5.956513404846191	0.0028616401832550764	0.1	0.1	0.5080330967903137	0.5189628005027771
348	7.3620195388793945	0.003996366169303656	0.1	0.1	0.42701664566993713	0.4467358887195587
349	7.366877555847168	0.002940041245892644	0.1	0.1	0.4910031259059906	0.4772886633872986
350	8.242588996887207	0.0051898472011089325	0.1	0.1	0.38747721910476685	0.35999417304992676
351	7.83518648147583	0.008487139828503132	0.1	0.1	0.3987252414226532	0.3579501807689667
352	7.336615562438965	0.0032915298361331224	0.1	0.1	0.40903276205062866	0.38980013132095337
353	7.71930456161499	0.002653087954968214	0.1	0.1	0.38636916875839233	0.36771056056022644
354	8.000322341918945	0.004434407688677311	0.1	0.1	0.3684218227863312	0.34947657585144043
355	8.353653907775879	0.0022512285504490137	0.1	0.1	0.3232730031013489	0.312588095664978
356	7.819276809692383	0.004149651620537043	0.1	0.1	0.41475775837898254	0.3938034176826477
357	7.933286666870117	0.002653600415214896	0.1	0.1	0.3714161217212677	0.3625204861164093
358	7.882598876953125	0.0021306404378265142	0.1	0.1	0.3795529901981354	0.38070186972618103
359	7.181072235107422	0.002215304411947727	0.1	0.1	0.3946382999420166	0.3960675895214081
360	7.711837291717529	0.0027503077872097492	0.1	0.1	0.4108385443687439	0.3986208438873291
361	7.591719150543213	0.005241475533694029	0.1	0.1	0.3962838351726532	0.3782065212726593
362	6.9068450927734375	0.0035155818331986666	0.1	0.1	0.3864552974700928	0.3663576543331146
363	7.864922523498535	0.002034110017120838	0.1	0.1	0.320932000875473	0.3162209093570709
364	7.9333696365356445	0.004252305254340172	0.1	0.1	0.3745059370994568	0.382783979177475
365	6.5688276290893555	0.0014643456088379025	0.1	0.1	0.4854069650173187	0.4849492013454437
366	6.739841461181641	0.0020066220313310623	0.1	0.1	0.3909173905849457	0.40126898884773254
367	7.41829776763916	0.002529190620407462	0.1	0.1	0.3976549804210663	0.4118214249610901
368	7.203744888305664	0.0019104459788650274	0.1	0.1	0.4350283145904541	0.44199874997138977
369	7.004261016845703	0.001599973882548511	0.1	0.1	0.4337413012981415	0.43048807978630066
370	6.990073204040527	0.0017701761098578572	0.1	0.1	0.45450299978256226	0.4575442969799042
371	6.840818881988525	0.0018700952641665936	0.1	0.1	0.4245224595069885	0.4223674237728119
372	7.41767692565918	0.0023818868212401867	0.1	0.1	0.4331894516944885	0.4413033425807953
373	7.339115619659424	0.0028525637462735176	0.1	0.1	0.3671700358390808	0.37172743678092957
374	7.820422172546387	0.003508715657517314	0.1	0.1	0.44900330901145935	0.4339682459831238
375	6.830628395080566	0.0039794351905584335	0.1	0.1	0.39971888065338135	0.37404781579971313
376	7.28403377532959	0.003531722817569971	0.1	0.1	0.4141480028629303	0.4146755039691925
377	8.064093589782715	0.0021807951852679253	0.1	0.1	0.3726559281349182	0.3878728747367859
378	7.1835784912109375	0.0015058955177664757	0.1	0.1	0.36999383568763733	0.36883291602134705
379	7.387997627258301	0.0018348295707255602	0.1	0.1	0.3893784284591675	0.4050144553184509
380	7.160861015319824	0.0016589025035500526	0.1	0.1	0.40269845724105835	0.4067300260066986
381	7.972553253173828	0.0020269358064979315	0.1	0.1	0.3816373646259308	0.3995835781097412
382	7.581709861755371	0.0018301495583727956	0.1	0.1	0.4118596017360687	0.41797754168510437
383	7.1403703689575195	0.0013624451821669936	0.1	0.1	0.38193464279174805	0.37891459465026855
384	6.427973747253418	0.001977549633011222	0.1	0.1	0.42190489172935486	0.4249504506587982
385	7.3040924072265625	0.0027839187532663345	0.1	0.1	0.3912825286388397	0.4007648229598999
386	7.277495384216309	0.00333008891902864	0.1	0.1	0.4955299496650696	0.5015404224395752
387	7.275618076324463	0.002555966842919588	0.1	0.1	0.4180504083633423	0.4082363545894623
388	7.28406286239624	0.0018036537803709507	0.1	0.1	0.4000057280063629	0.4007527828216553
389	6.740101337432861	0.0029645864851772785	0.1	0.1	0.4180225729942322	0.4006038308143616
390	7.45890998840332	0.0022161416709423065	0.1	0.1	0.40908750891685486	0.4106128513813019
391	7.279364109039307	0.0023673942778259516	0.1	0.1	0.4134475886821747	0.40114903450012207
392	7.369855880737305	0.0013605740386992693	0.1	0.1	0.38635876774787903	0.38691624999046326
393	6.9221320152282715	0.001909922226332128	0.1	0.1	0.4274735152721405	0.43212786316871643
394	7.2348480224609375	0.002426824765279889	0.1	0.1	0.4434165358543396	0.45393118262290955
395	7.337332725524902	0.002033374970778823	0.1	0.1	0.4386792778968811	0.43544015288352966
396	7.661562919616699	0.002116938354447484	0.1	0.1	0.4109606146812439	0.4018000364303589
397	8.555625915527344	0.0012643280206248164	0.1	0.1	0.23851945996284485	0.23268169164657593
398	7.988508224487305	0.0013078056508675218	0.1	0.1	0.4240801930427551	0.41895824670791626
399	7.936816692352295	0.004630174953490496	0.1	0.1	0.2949528694152832	0.27173060178756714
400	6.382991790771484	0.001973265316337347	0.1	0.1	0.4347899258136749	0.4169791042804718
401	6.229136943817139	0.0018595478031784296	0.1	0.1	0.4196642339229584	0.4309995770454407
402	7.657541275024414	0.002579034771770239	0.1	0.1	0.37509647011756897	0.3947625458240509
403	7.1599202156066895	0.0018935543484985828	0.1	0.1	0.45980751514434814	0.4569203555583954
404	7.4346208572387695	0.0021946814376860857	0.1	0.1	0.4211692810058594	0.4105072617530823
405	7.030871868133545	0.0016327789053320885	0.1	0.1	0.456106573343277	0.44972968101501465
406	7.948725700378418	0.001430290867574513	0.1	0.1	0.34656840562820435	0.339404821395874
407	7.054152965545654	0.0013837768929079175	0.1	0.1	0.4367709755897522	0.43464571237564087
408	7.191446781158447	0.0018407305469736457	0.1	0.1	0.42836830019950867	0.43225526809692383
409	7.022183418273926	0.002174865687265992	0.1	0.1	0.42954063415527344	0.4336331784725189
410	7.417995452880859	0.001440392341464758	0.1	0.1	0.41254153847694397	0.41633141040802
411	6.882801055908203	0.0014403874520212412	0.1	0.1	0.4350815415382385	0.4316423833370209
412	7.5705718994140625	0.001667083939537406	0.1	0.1	0.42035186290740967	0.42647287249565125
413	7.54058837890625	0.00196607643738389	0.1	0.1	0.45247891545295715	0.4503162205219269
414	7.262563228607178	0.003202951978892088	0.1	0.1	0.36917319893836975	0.3483982980251312
415	8.03661060333252	0.002448230516165495	0.1	0.1	0.348816454410553	0.3404320478439331
416	7.999725341796875	0.001770395552739501	0.1	0.1	0.42629876732826233	0.42158153653144836
417	7.431886672973633	0.002597241895273328	0.1	0.1	0.42868030071258545	0.4179905951023102
418	7.644974708557129	0.0019106287509202957	0.1	0.1	0.4379355311393738	0.430135041475296
419	7.415377616882324	0.0018600522307679057	0.1	0.1	0.44131696224212646	0.4349176287651062
420	7.053073883056641	0.002400487195700407	0.1	0.1	0.45538395643234253	0.44565436244010925
421	8.028867721557617	0.0014145371969789267	0.1	0.1	0.35185369849205017	0.3495977520942688
422	8.009834289550781	0.0017766822129487991	0.1	0.1	0.4234975278377533	0.41014280915260315
423	8.157718658447266	0.0022323003504425287	0.1	0.1	0.40586161613464355	0.388852059841156
424	7.058732032775879	0.00354648195207119	0.1	0.1	0.4046053886413574	0.37994518876075745
425	8.160606384277344	0.0022956402972340584	0.1	0.1	0.3563382029533386	0.33968329429626465
426	8.170780181884766	0.002891191514208913	0.1	0.1	0.35450294613838196	0.33485227823257446
427	7.70626163482666	0.0024822771083563566	0.1	0.1	0.42162439227104187	0.4086374044418335
428	8.195226669311523	0.0026815123856067657	0.1	0.1	0.3718589246273041	0.3569388687610626
429	7.245063781738281	0.002272468525916338	0.1	0.1	0.3422245979309082	0.3253835439682007
430	7.3701019287109375	0.0016692252829670906	0.1	0.1	0.3505077362060547	0.3448546826839447
431	7.129642486572266	0.0019253151258453727	0.1	0.1	0.4210151731967926	0.42713990807533264
432	6.838980197906494	0.002031733514741063	0.1	0.1	0.4413284659385681	0.44528713822364807
433	7.250579833984375	0.0019862696062773466	0.1	0.1	0.41292139887809753	0.4213150143623352
434	7.353936672210693	0.0012561909388750792	0.1	0.1	0.4084928333759308	0.41243815422058105
435	7.00414514541626	0.002940490609034896	0.1	0.1	0.4548233449459076	0.46404898166656494
436	7.265451431274414	0.0015657908516004682	0.1	0.1	0.45054203271865845	0.4554736316204071
437	7.2478227615356445	0.0019541201181709766	0.1	0.1	0.47914499044418335	0.4820651710033417
438	6.618548393249512	0.0016408863011747599	0.1	0.1	0.5080201625823975	0.5074999332427979
439	7.073453903198242	0.001565431128256023	0.1	0.1	0.4587539732456207	0.4577801525592804
440	6.584673881530762	0.0016308514168486	0.1	0.1	0.5121109485626221	0.5078105330467224
441	7.369707107543945	0.0018777601653710008	0.1	0.1	0.4285235106945038	0.42539021372795105
442	7.384958267211914	0.0011590791400521994	0.1	0.1	0.4043486416339874	0.4037163257598877
443	7.29088020324707	0.0011361556826159358	0.1	0.1	0.40735185146331787	0.4064190685749054
444	6.983386039733887	0.0015962552279233932	0.1	0.1	0.46222421526908875	0.4612869620323181
445	7.775528907775879	0.0015142759075388312	0.1	0.1	0.42017775774002075	0.41934874653816223
446	7.074769020080566	0.0017210249789059162	0.1	0.1	0.47220730781555176	0.4709353446960449
447	7.730167388916016	0.0015470529906451702	0.1	0.1	0.36494749784469604	0.35845935344696045
448	8.08674144744873	0.0019219923997297883	0.1	0.1	0.3183985650539398	0.3172560930252075
449	5.971452236175537	0.003256827127188444	0.1	0.1	0.5161361694335938	0.5227454304695129
450	6.071321487426758	0.002317034872248769	0.1	0.1	0.4943138062953949	0.500946044921875
451	5.9640913009643555	0.002576422179117799	0.1	0.1	0.5070399045944214	0.5146610140800476
452	6.685337543487549	0.0016720877029001713	0.1	0.1	0.42185088992118835	0.4280705153942108
453	6.958019256591797	0.002574905287474394	0.1	0.1	0.4769778549671173	0.4864095449447632
454	7.067105293273926	0.001982394838705659	0.1	0.1	0.4500060975551605	0.4541328549385071
455	6.769622802734375	0.0021946837659925222	0.1	0.1	0.47098058462142944	0.4759249985218048
456	7.453590393066406	0.0016861894400790334	0.1	0.1	0.3904934823513031	0.3957465589046478
457	6.919307708740234	0.001983039313927293	0.1	0.1	0.466312050819397	0.4730510711669922
458	7.410808563232422	0.0020969808101654053	0.1	0.1	0.4055330157279968	0.41250720620155334
459	6.914639472961426	0.0016915816813707352	0.1	0.1	0.4490683972835541	0.4537304937839508
460	7.288959503173828	0.0019670622423291206	0.1	0.1	0.3683644235134125	0.37627673149108887
461	7.334602355957031	0.0019024326466023922	0.1	0.1	0.45192089676856995	0.461678683757782
462	7.034482955932617	0.00208302098326385	0.1	0.1	0.4441470205783844	0.4529615640640259
463	7.360222816467285	0.0016035032458603382	0.1	0.1	0.37897399067878723	0.38049575686454773
464	7.661682605743408	0.0025293121580034494	0.1	0.1	0.3559199869632721	0.3572804927825928
465	7.618250846862793	0.0015647525433450937	0.1	0.1	0.2944498360157013	0.29656192660331726
466	6.671643257141113	0.001779459067620337	0.1	0.1	0.48924726247787476	0.48848381638526917
467	7.629350662231445	0.00173246581107378	0.1	0.1	0.3908329904079437	0.39842191338539124
468	7.348584175109863	0.001664825831539929	0.1	0.1	0.3827517628669739	0.3900517225265503
469	6.659440994262695	0.0014030039310455322	0.1	0.1	0.43633487820625305	0.4396530091762543
470	7.336606979370117	0.0015078636351972818	0.1	0.1	0.4025050103664398	0.40261387825012207
471	7.305205345153809	0.0017066698055714369	0.1	0.1	0.42928555607795715	0.4375886619091034
472	6.782190799713135	0.0021616178564727306	0.1	0.1	0.429415762424469	0.44342276453971863
473	7.376997947692871	0.0021716554183512926	0.1	0.1	0.4536975622177124	0.4653176963329315
474	7.065738201141357	0.0022952125873416662	0.1	0.1	0.4680497944355011	0.47544655203819275
475	7.115151405334473	0.0015995495487004519	0.1	0.1	0.4563397467136383	0.4604890048503876
476	7.849155426025391	0.0010525130201131105	0.1	0.1	0.3994784951210022	0.40464678406715393
477	7.281231880187988	0.0017042314866557717	0.1	0.1	0.466996431350708	0.4743676483631134
478	7.6524858474731445	0.0017088230233639479	0.1	0.1	0.416583776473999	0.4212072789669037
479	6.662319183349609	0.0020643894094973803	0.1	0.1	0.4372674822807312	0.4405921399593353
480	6.2258710861206055	0.002080338541418314	0.1	0.1	0.48490285873413086	0.49029093980789185
481	6.535897731781006	0.001931831007823348	0.1	0.1	0.4927215278148651	0.49958163499832153
482	6.694440841674805	0.0017534650396555662	0.1	0.1	0.4924512505531311	0.49881917238235474
483	6.6916728019714355	0.0019478814210742712	0.1	0.1	0.47376692295074463	0.4731743633747101
484	6.516168594360352	0.0013393893605098128	0.1	0.1	0.47598132491111755	0.47909480333328247
485	6.688425064086914	0.001707236049696803	0.1	0.1	0.47817522287368774	0.47534120082855225
486	6.478480339050293	0.0013720798306167126	0.1	0.1	0.45324674248695374	0.4488844871520996
487	6.618175506591797	0.0013649348402395844	0.1	0.1	0.44360554218292236	0.44081345200538635
488	7.392302513122559	0.001237490912899375	0.1	0.1	0.42755094170570374	0.4294426143169403
489	6.870562553405762	0.0020526295993477106	0.1	0.1	0.429025262594223	0.43057239055633545
490	7.421093940734863	0.001491689239628613	0.1	0.1	0.43013763427734375	0.43439361453056335
491	7.022416591644287	0.001767646986991167	0.1	0.1	0.4367174208164215	0.43676820397377014
492	6.666701793670654	0.0018950788071379066	0.1	0.1	0.44087883830070496	0.4390699863433838
493	7.498358249664307	0.0017024681437760592	0.1	0.1	0.4131963849067688	0.4154030978679657
494	6.404030799865723	0.002080491278320551	0.1	0.1	0.4638029932975769	0.4576215445995331
495	6.93821907043457	0.0014793338486924767	0.1	0.1	0.4306570589542389	0.4323616623878479
496	6.478265285491943	0.0022093539591878653	0.1	0.1	0.5111194849014282	0.517063319683075
497	7.071173191070557	0.001640131464228034	0.1	0.1	0.4746476113796234	0.4746301472187042
498	6.792396545410156	0.0011651908280327916	0.1	0.1	0.3946337401866913	0.3947742283344269
499	6.96543550491333	0.0015293634496629238	0.1	0.1	0.43370676040649414	0.43555930256843567
